phase,family,alloy,quantity,value_reference,value_mace,error_exact,error_linear,exact_ci_low,exact_ci_high,linear_ci_low,linear_ci_high,linear_minus_exact,relative_difference_percent,unit,error_type
I-42d,X1X2Y2Z2,ZrMo_Os2_Bi2,C11,256.36081806000084,198.1962253602196,-58.16459269978125,-58.16459269978125,,,,,0.0,-0.0,GPa,saved_MACE_minus_DFT
I-42d,X1X2Y2Z2,ZrMo_Os2_Bi2,C12,123.12925638000046,80.5562624931173,-42.572993886883154,-42.572993886883154,,,,,0.0,-0.0,GPa,saved_MACE_minus_DFT
I-42d,X1X2Y2Z2,ZrMo_Os2_Bi2,C13,125.00974318000044,85.80086147316287,-39.20888170683757,-39.20888170683757,,,,,0.0,-0.0,GPa,saved_MACE_minus_DFT
I-42d,X1X2Y2Z2,ZrMo_Os2_Bi2,C14,0.0,-1.8373226677972406e-07,-1.8373226677972406e-07,-1.8373226677972406e-07,,,,,0.0,-0.0,GPa,saved_MACE_minus_DFT
I-42d,X1X2Y2Z2,ZrMo_Os2_Bi2,C15,0.0,-2.132056485400425e-07,-2.132056485400425e-07,-2.132056485400425e-07,,,,,0.0,-0.0,GPa,saved_MACE_minus_DFT
I-42d,X1X2Y2Z2,ZrMo_Os2_Bi2,C16,0.0,-1.3985571862158306e-08,-1.3985571862158306e-08,-1.3985571862158306e-08,,,,,0.0,-0.0,GPa,saved_MACE_minus_DFT
I-42d,X1X2Y2Z2,ZrMo_Os2_Bi2,C22,256.36081806000095,198.19622536021967,-58.16459269978128,-58.16459269978128,,,,,0.0,-0.0,GPa,saved_MACE_minus_DFT
I-42d,X1X2Y2Z2,ZrMo_Os2_Bi2,C23,125.00974318000046,85.80086147316291,-39.208881706837545,-39.208881706837545,,,,,0.0,-0.0,GPa,saved_MACE_minus_DFT
I-42d,X1X2Y2Z2,ZrMo_Os2_Bi2,C24,0.0,0.0,0.0,0.0,,,,,0.0,,GPa,saved_MACE_minus_DFT
I-42d,X1X2Y2Z2,ZrMo_Os2_Bi2,C25,0.0,0.0,0.0,0.0,,,,,0.0,,GPa,saved_MACE_minus_DFT
I-42d,X1X2Y2Z2,ZrMo_Os2_Bi2,C26,0.0,0.0,0.0,0.0,,,,,0.0,,GPa,saved_MACE_minus_DFT
I-42d,X1X2Y2Z2,ZrMo_Os2_Bi2,C33,262.227423620001,204.62979300866905,-57.59763061133194,-57.59763061133194,,,,,0.0,-0.0,GPa,saved_MACE_minus_DFT
I-42d,X1X2Y2Z2,ZrMo_Os2_Bi2,C34,0.0,1.0870010473753512e-08,1.0870010473753512e-08,1.0870010473753512e-08,,,,,0.0,0.0,GPa,saved_MACE_minus_DFT
I-42d,X1X2Y2Z2,ZrMo_Os2_Bi2,C35,0.0,-2.1450969020145283e-07,-2.1450969020145283e-07,-2.1450969020145283e-07,,,,,0.0,-0.0,GPa,saved_MACE_minus_DFT
I-42d,X1X2Y2Z2,ZrMo_Os2_Bi2,C36,0.0,-1.4887526423401653e-07,-1.4887526423401653e-07,-1.4887526423401653e-07,,,,,0.0,-0.0,GPa,saved_MACE_minus_DFT
I-42d,X1X2Y2Z2,ZrMo_Os2_Bi2,C44,52.419364190000024,34.79134033690612,-17.628023853093907,-17.628023853093907,,,,,0.0,-0.0,GPa,saved_MACE_minus_DFT
I-42d,X1X2Y2Z2,ZrMo_Os2_Bi2,C45,0.0,0.0,0.0,0.0,,,,,0.0,,GPa,saved_MACE_minus_DFT
I-42d,X1X2Y2Z2,ZrMo_Os2_Bi2,C46,0.0,0.0,0.0,0.0,,,,,0.0,,GPa,saved_MACE_minus_DFT
I-42d,X1X2Y2Z2,ZrMo_Os2_Bi2,C55,52.440325522368425,34.7996572691308,-17.640668253237628,-17.640668253237628,,,,,0.0,-0.0,GPa,saved_MACE_minus_DFT
I-42d,X1X2Y2Z2,ZrMo_Os2_Bi2,C56,0.0,9.629758655717116e-09,9.629758655717116e-09,9.629758655717116e-09,,,,,0.0,0.0,GPa,saved_MACE_minus_DFT
I-42d,X1X2Y2Z2,ZrMo_Os2_Bi2,C66,49.9528637687943,33.11490173108385,-16.837962037710454,-16.837962037710454,,,,,0.0,-0.0,GPa,saved_MACE_minus_DFT
I-42d,X1X2Y2Z2,ZrMo_Os2_Bi2,B_R,168.61997362034725,122.60297400271901,-46.016999617628244,-46.016999617628244,,,,,0.0,-0.0,GPa,saved_MACE_minus_DFT
I-42d,X1X2Y2Z2,ZrMo_Os2_Bi2,G_R,56.77471029101571,40.94711984034738,-15.827590450668325,-15.827590450668325,,,,,0.0,-0.0,GPa,saved_MACE_minus_DFT
I-42d,X1X2Y2Z2,TiCr_Fe2_As2,C11,327.37634160000124,232.52207649074703,-94.85426510925421,-94.85426510925421,,,,,0.0,-0.0,GPa,saved_MACE_minus_DFT
I-42d,X1X2Y2Z2,TiCr_Fe2_As2,C12,128.79243424000043,88.04493007916805,-40.74750416083238,-40.74750416083238,,,,,0.0,-0.0,GPa,saved_MACE_minus_DFT
I-42d,X1X2Y2Z2,TiCr_Fe2_As2,C13,132.70961468000056,94.75100329484756,-37.95861138515299,-37.95861138515299,,,,,0.0,-0.0,GPa,saved_MACE_minus_DFT
I-42d,X1X2Y2Z2,TiCr_Fe2_As2,C14,0.0,2.9160922971215726e-07,2.9160922971215726e-07,2.9160922971215726e-07,,,,,0.0,0.0,GPa,saved_MACE_minus_DFT
I-42d,X1X2Y2Z2,TiCr_Fe2_As2,C15,0.0,-1.5392983350003336e-07,-1.5392983350003336e-07,-1.5392983350003336e-07,,,,,0.0,-0.0,GPa,saved_MACE_minus_DFT
I-42d,X1X2Y2Z2,TiCr_Fe2_As2,C16,0.0,-5.725251699189016e-07,-5.725251699189016e-07,-5.725251699189016e-07,,,,,0.0,-0.0,GPa,saved_MACE_minus_DFT
I-42d,X1X2Y2Z2,TiCr_Fe2_As2,C22,327.3763416000011,232.52207649074694,-94.85426510925419,-94.85426510925419,,,,,0.0,-0.0,GPa,saved_MACE_minus_DFT
I-42d,X1X2Y2Z2,TiCr_Fe2_As2,C23,132.7096146800005,94.75100329484752,-37.95861138515298,-37.95861138515298,,,,,0.0,-0.0,GPa,saved_MACE_minus_DFT
I-42d,X1X2Y2Z2,TiCr_Fe2_As2,C24,0.0,0.0,0.0,0.0,,,,,0.0,,GPa,saved_MACE_minus_DFT
I-42d,X1X2Y2Z2,TiCr_Fe2_As2,C25,0.0,0.0,0.0,0.0,,,,,0.0,,GPa,saved_MACE_minus_DFT
I-42d,X1X2Y2Z2,TiCr_Fe2_As2,C26,0.0,0.0,0.0,0.0,,,,,0.0,,GPa,saved_MACE_minus_DFT
I-42d,X1X2Y2Z2,TiCr_Fe2_As2,C33,323.67848648000114,242.16741122011788,-81.51107525988326,-81.51107525988326,,,,,0.0,-0.0,GPa,saved_MACE_minus_DFT
I-42d,X1X2Y2Z2,TiCr_Fe2_As2,C34,0.0,-1.7728423485475325e-07,-1.7728423485475325e-07,-1.7728423485475325e-07,,,,,0.0,-0.0,GPa,saved_MACE_minus_DFT
I-42d,X1X2Y2Z2,TiCr_Fe2_As2,C35,0.0,7.770957384502958e-09,7.770957384502958e-09,7.770957384502958e-09,,,,,0.0,0.0,GPa,saved_MACE_minus_DFT
I-42d,X1X2Y2Z2,TiCr_Fe2_As2,C36,0.0,1.765155192691706e-07,1.765155192691706e-07,1.765155192691706e-07,,,,,0.0,0.0,GPa,saved_MACE_minus_DFT
I-42d,X1X2Y2Z2,TiCr_Fe2_As2,C44,94.44748116333335,67.28903871301516,-27.15844245031819,-27.15844245031819,,,,,0.0,-0.0,GPa,saved_MACE_minus_DFT
I-42d,X1X2Y2Z2,TiCr_Fe2_As2,C45,0.0,0.0,0.0,0.0,,,,,0.0,,GPa,saved_MACE_minus_DFT
I-42d,X1X2Y2Z2,TiCr_Fe2_As2,C46,0.0,0.0,0.0,0.0,,,,,0.0,,GPa,saved_MACE_minus_DFT
I-42d,X1X2Y2Z2,TiCr_Fe2_As2,C55,94.45442454743107,67.28465465840013,-27.169769889030945,-27.169769889030945,,,,,0.0,-0.0,GPa,saved_MACE_minus_DFT
I-42d,X1X2Y2Z2,TiCr_Fe2_As2,C56,0.0,-4.300280793863628e-07,-4.300280793863628e-07,-4.300280793863628e-07,,,,,0.0,-0.0,GPa,saved_MACE_minus_DFT
I-42d,X1X2Y2Z2,TiCr_Fe2_As2,C66,91.3936693750591,66.57357458564258,-24.82009478941653,-24.82009478941653,,,,,0.0,-0.0,GPa,saved_MACE_minus_DFT
I-42d,X1X2Y2Z2,TiCr_Fe2_As2,B_R,196.25260762910182,139.77190882323404,-56.480698805867775,-56.480698805867775,,,,,0.0,-0.0,GPa,saved_MACE_minus_DFT
I-42d,X1X2Y2Z2,TiCr_Fe2_As2,G_R,94.93364546771957,68.75292276052912,-26.180722707190455,-26.180722707190455,,,,,0.0,-0.0,GPa,saved_MACE_minus_DFT
I-42d,X1X2Y2Z2,YV_Ag2_Ga2,C11,114.82127218000048,83.6194372592906,-31.20183492070987,-31.20183492070987,,,,,0.0,-0.0,GPa,saved_MACE_minus_DFT
I-42d,X1X2Y2Z2,YV_Ag2_Ga2,C12,72.37927836000031,53.515381323049496,-18.863897036950817,-18.863897036950817,,,,,0.0,-0.0,GPa,saved_MACE_minus_DFT
I-42d,X1X2Y2Z2,YV_Ag2_Ga2,C13,85.67775588000039,65.88751123577225,-19.79024464422814,-19.79024464422814,,,,,0.0,-0.0,GPa,saved_MACE_minus_DFT
I-42d,X1X2Y2Z2,YV_Ag2_Ga2,C14,0.0,4.922390084043187e-07,4.922390084043187e-07,4.922390084043187e-07,,,,,0.0,0.0,GPa,saved_MACE_minus_DFT
I-42d,X1X2Y2Z2,YV_Ag2_Ga2,C15,0.0,0.0,0.0,0.0,,,,,0.0,,GPa,saved_MACE_minus_DFT
I-42d,X1X2Y2Z2,YV_Ag2_Ga2,C16,0.0,1.567692255875277e-08,1.567692255875277e-08,1.567692255875277e-08,,,,,0.0,0.0,GPa,saved_MACE_minus_DFT
I-42d,X1X2Y2Z2,YV_Ag2_Ga2,C22,114.82127218000045,83.61943725929058,-31.20183492070987,-31.20183492070987,,,,,0.0,-0.0,GPa,saved_MACE_minus_DFT
I-42d,X1X2Y2Z2,YV_Ag2_Ga2,C23,85.67775588000035,65.88751123577224,-19.79024464422811,-19.79024464422811,,,,,0.0,-0.0,GPa,saved_MACE_minus_DFT
I-42d,X1X2Y2Z2,YV_Ag2_Ga2,C24,0.0,0.0,0.0,0.0,,,,,0.0,,GPa,saved_MACE_minus_DFT
I-42d,X1X2Y2Z2,YV_Ag2_Ga2,C25,0.0,0.0,0.0,0.0,,,,,0.0,,GPa,saved_MACE_minus_DFT
I-42d,X1X2Y2Z2,YV_Ag2_Ga2,C26,0.0,0.0,0.0,0.0,,,,,0.0,,GPa,saved_MACE_minus_DFT
I-42d,X1X2Y2Z2,YV_Ag2_Ga2,C33,117.47251692000047,89.15288354535556,-28.31963337464491,-28.31963337464491,,,,,0.0,-0.0,GPa,saved_MACE_minus_DFT
I-42d,X1X2Y2Z2,YV_Ag2_Ga2,C34,0.0,0.0,0.0,0.0,,,,,0.0,,GPa,saved_MACE_minus_DFT
I-42d,X1X2Y2Z2,YV_Ag2_Ga2,C35,0.0,2.837548185593001e-08,2.837548185593001e-08,2.837548185593001e-08,,,,,0.0,0.0,GPa,saved_MACE_minus_DFT
I-42d,X1X2Y2Z2,YV_Ag2_Ga2,C36,0.0,-1.2947856240133656e-07,-1.2947856240133656e-07,-1.2947856240133656e-07,,,,,0.0,-0.0,GPa,saved_MACE_minus_DFT
I-42d,X1X2Y2Z2,YV_Ag2_Ga2,C44,28.996835686666678,18.398533958653093,-10.598301728013585,-10.598301728013585,,,,,0.0,-0.0,GPa,saved_MACE_minus_DFT
I-42d,X1X2Y2Z2,YV_Ag2_Ga2,C45,0.0,0.0,0.0,0.0,,,,,0.0,,GPa,saved_MACE_minus_DFT
I-42d,X1X2Y2Z2,YV_Ag2_Ga2,C46,0.0,0.0,0.0,0.0,,,,,0.0,,GPa,saved_MACE_minus_DFT
I-42d,X1X2Y2Z2,YV_Ag2_Ga2,C55,28.98446532719299,18.3900725499156,-10.594392777277388,-10.594392777277388,,,,,0.0,-0.0,GPa,saved_MACE_minus_DFT
I-42d,X1X2Y2Z2,YV_Ag2_Ga2,C56,0.0,-5.1213967539186906e-08,-5.1213967539186906e-08,-5.1213967539186906e-08,,,,,0.0,-0.0,GPa,saved_MACE_minus_DFT
I-42d,X1X2Y2Z2,YV_Ag2_Ga2,C66,36.06390447777776,20.915222172849642,-15.14868230492812,-15.14868230492812,,,,,0.0,-0.0,GPa,saved_MACE_minus_DFT
I-42d,X1X2Y2Z2,YV_Ag2_Ga2,B_R,97.31480330218976,66.69948181882417,-30.61532148336559,-30.61532148336559,,,,,0.0,-0.0,GPa,saved_MACE_minus_DFT
I-42d,X1X2Y2Z2,YV_Ag2_Ga2,G_R,23.16788836996519,14.545701739574344,-8.622186630390846,-8.622186630390846,,,,,0.0,-0.0,GPa,saved_MACE_minus_DFT
I-42d,X2Y1Y2Z2,W2_OsPt_Ga2,C11,291.06248264000124,218.59756943337035,-72.46491320663088,-72.46491320663088,,,,,0.0,-0.0,GPa,saved_MACE_minus_DFT
I-42d,X2Y1Y2Z2,W2_OsPt_Ga2,C12,184.94982622000072,133.46352358383368,-51.48630263616704,-51.48630263616704,,,,,0.0,-0.0,GPa,saved_MACE_minus_DFT
I-42d,X2Y1Y2Z2,W2_OsPt_Ga2,C13,185.05652348000075,132.59926175416126,-52.45726172583949,-52.45726172583949,,,,,0.0,-0.0,GPa,saved_MACE_minus_DFT
I-42d,X2Y1Y2Z2,W2_OsPt_Ga2,C14,0.0,6.951950723815058e-09,6.951950723815058e-09,6.951950723815058e-09,,,,,0.0,0.0,GPa,saved_MACE_minus_DFT
I-42d,X2Y1Y2Z2,W2_OsPt_Ga2,C15,0.0,4.524841118136364e-08,4.524841118136364e-08,4.524841118136364e-08,,,,,0.0,0.0,GPa,saved_MACE_minus_DFT
I-42d,X2Y1Y2Z2,W2_OsPt_Ga2,C16,0.0,0.0,0.0,0.0,,,,,0.0,,GPa,saved_MACE_minus_DFT
I-42d,X2Y1Y2Z2,W2_OsPt_Ga2,C22,291.062482640001,218.59756943337018,-72.46491320663083,-72.46491320663083,,,,,0.0,-0.0,GPa,saved_MACE_minus_DFT
I-42d,X2Y1Y2Z2,W2_OsPt_Ga2,C23,185.0565234800006,132.5992617541612,-52.4572617258394,-52.4572617258394,,,,,0.0,-0.0,GPa,saved_MACE_minus_DFT
I-42d,X2Y1Y2Z2,W2_OsPt_Ga2,C24,0.0,0.0,0.0,0.0,,,,,0.0,,GPa,saved_MACE_minus_DFT
I-42d,X2Y1Y2Z2,W2_OsPt_Ga2,C25,0.0,0.0,0.0,0.0,,,,,0.0,,GPa,saved_MACE_minus_DFT
I-42d,X2Y1Y2Z2,W2_OsPt_Ga2,C26,0.0,0.0,0.0,0.0,,,,,0.0,,GPa,saved_MACE_minus_DFT
I-42d,X2Y1Y2Z2,W2_OsPt_Ga2,C33,292.716923760001,221.43415917822315,-71.28276458177785,-71.28276458177785,,,,,0.0,-0.0,GPa,saved_MACE_minus_DFT
I-42d,X2Y1Y2Z2,W2_OsPt_Ga2,C34,0.0,0.0,0.0,0.0,,,,,0.0,,GPa,saved_MACE_minus_DFT
I-42d,X2Y1Y2Z2,W2_OsPt_Ga2,C35,0.0,0.0,0.0,0.0,,,,,0.0,,GPa,saved_MACE_minus_DFT
I-42d,X2Y1Y2Z2,W2_OsPt_Ga2,C36,0.0,-2.4287774375268405e-07,-2.4287774375268405e-07,-2.4287774375268405e-07,,,,,0.0,-0.0,GPa,saved_MACE_minus_DFT
I-42d,X2Y1Y2Z2,W2_OsPt_Ga2,C44,99.36996106333335,57.04415603484575,-42.3258050284876,-42.3258050284876,,,,,0.0,-0.0,GPa,saved_MACE_minus_DFT
I-42d,X2Y1Y2Z2,W2_OsPt_Ga2,C45,0.0,0.0,0.0,0.0,,,,,0.0,,GPa,saved_MACE_minus_DFT
I-42d,X2Y1Y2Z2,W2_OsPt_Ga2,C46,0.0,0.0,0.0,0.0,,,,,0.0,,GPa,saved_MACE_minus_DFT
I-42d,X2Y1Y2Z2,W2_OsPt_Ga2,C55,99.36236825946115,57.03338781828176,-42.32898044117939,-42.32898044117939,,,,,0.0,-0.0,GPa,saved_MACE_minus_DFT
I-42d,X2Y1Y2Z2,W2_OsPt_Ga2,C56,0.0,2.657905034471573e-07,2.657905034471573e-07,2.657905034471573e-07,,,,,0.0,0.0,GPa,saved_MACE_minus_DFT
I-42d,X2Y1Y2Z2,W2_OsPt_Ga2,C66,98.91906381453902,57.496011480307764,-41.42305233423125,-41.42305233423125,,,,,0.0,-0.0,GPa,saved_MACE_minus_DFT
I-42d,X2Y1Y2Z2,W2_OsPt_Ga2,B_R,220.68472118737435,162.67557941703265,-58.0091417703417,-58.0091417703417,,,,,0.0,-0.0,GPa,saved_MACE_minus_DFT
I-42d,X2Y1Y2Z2,W2_OsPt_Ga2,G_R,73.79824345663097,50.75916543139043,-23.039078025240542,-23.039078025240542,,,,,0.0,-0.0,GPa,saved_MACE_minus_DFT
I-42d,X2Y1Y2Z2,Ti2_OsNi_Bi2,C11,213.86338412000083,171.879130296794,-41.98425382320684,-41.98425382320684,,,,,0.0,-0.0,GPa,saved_MACE_minus_DFT
I-42d,X2Y1Y2Z2,Ti2_OsNi_Bi2,C12,92.31465672000037,66.68158927578364,-25.633067444216735,-25.633067444216735,,,,,0.0,-0.0,GPa,saved_MACE_minus_DFT
I-42d,X2Y1Y2Z2,Ti2_OsNi_Bi2,C13,93.06448804000034,68.8535194789613,-24.21096856103904,-24.21096856103904,,,,,0.0,-0.0,GPa,saved_MACE_minus_DFT
I-42d,X2Y1Y2Z2,Ti2_OsNi_Bi2,C14,0.0,-6.407672034326027e-07,-6.407672034326027e-07,-6.407672034326027e-07,,,,,0.0,-0.0,GPa,saved_MACE_minus_DFT
I-42d,X2Y1Y2Z2,Ti2_OsNi_Bi2,C15,0.0,2.435152748183473e-08,2.435152748183473e-08,2.435152748183473e-08,,,,,0.0,0.0,GPa,saved_MACE_minus_DFT
I-42d,X2Y1Y2Z2,Ti2_OsNi_Bi2,C16,0.0,0.0,0.0,0.0,,,,,0.0,,GPa,saved_MACE_minus_DFT
I-42d,X2Y1Y2Z2,Ti2_OsNi_Bi2,C22,213.8633841200007,171.87913029679387,-41.984253823206814,-41.984253823206814,,,,,0.0,-0.0,GPa,saved_MACE_minus_DFT
I-42d,X2Y1Y2Z2,Ti2_OsNi_Bi2,C23,93.06448804000031,68.8535194789613,-24.21096856103901,-24.21096856103901,,,,,0.0,-0.0,GPa,saved_MACE_minus_DFT
I-42d,X2Y1Y2Z2,Ti2_OsNi_Bi2,C24,0.0,0.0,0.0,0.0,,,,,0.0,,GPa,saved_MACE_minus_DFT
I-42d,X2Y1Y2Z2,Ti2_OsNi_Bi2,C25,0.0,0.0,0.0,0.0,,,,,0.0,,GPa,saved_MACE_minus_DFT
I-42d,X2Y1Y2Z2,Ti2_OsNi_Bi2,C26,0.0,0.0,0.0,0.0,,,,,0.0,,GPa,saved_MACE_minus_DFT
I-42d,X2Y1Y2Z2,Ti2_OsNi_Bi2,C33,207.8341283200007,173.44188191927347,-34.39224640072723,-34.39224640072723,,,,,0.0,-0.0,GPa,saved_MACE_minus_DFT
I-42d,X2Y1Y2Z2,Ti2_OsNi_Bi2,C34,0.0,3.3859378499687454e-08,3.3859378499687454e-08,3.3859378499687454e-08,,,,,0.0,0.0,GPa,saved_MACE_minus_DFT
I-42d,X2Y1Y2Z2,Ti2_OsNi_Bi2,C35,0.0,8.587543756626565e-09,8.587543756626565e-09,8.587543756626565e-09,,,,,0.0,0.0,GPa,saved_MACE_minus_DFT
I-42d,X2Y1Y2Z2,Ti2_OsNi_Bi2,C36,0.0,0.0,0.0,0.0,,,,,0.0,,GPa,saved_MACE_minus_DFT
I-42d,X2Y1Y2Z2,Ti2_OsNi_Bi2,C44,54.88853356666669,36.77257772767169,-18.115955838995,-18.115955838995,,,,,0.0,-0.0,GPa,saved_MACE_minus_DFT
I-42d,X2Y1Y2Z2,Ti2_OsNi_Bi2,C45,0.0,0.0,0.0,0.0,,,,,0.0,,GPa,saved_MACE_minus_DFT
I-42d,X2Y1Y2Z2,Ti2_OsNi_Bi2,C46,0.0,0.0,0.0,0.0,,,,,0.0,,GPa,saved_MACE_minus_DFT
I-42d,X2Y1Y2Z2,Ti2_OsNi_Bi2,C55,54.89198826403512,36.77019224574852,-18.121796018286602,-18.121796018286602,,,,,0.0,-0.0,GPa,saved_MACE_minus_DFT
I-42d,X2Y1Y2Z2,Ti2_OsNi_Bi2,C56,0.0,9.496314356426503e-08,9.496314356426503e-08,9.496314356426503e-08,,,,,0.0,0.0,GPa,saved_MACE_minus_DFT
I-42d,X2Y1Y2Z2,Ti2_OsNi_Bi2,C66,53.37831462281326,35.985045785281784,-17.393268837531473,-17.393268837531473,,,,,0.0,-0.0,GPa,saved_MACE_minus_DFT
I-42d,X2Y1Y2Z2,Ti2_OsNi_Bi2,B_R,130.89594064367606,103.42024901181922,-27.475691631856833,-27.475691631856833,,,,,0.0,-0.0,GPa,saved_MACE_minus_DFT
I-42d,X2Y1Y2Z2,Ti2_OsNi_Bi2,G_R,56.18138219452761,41.512954877538064,-14.668427316989543,-14.668427316989543,,,,,0.0,-0.0,GPa,saved_MACE_minus_DFT
I-42d,X1X2Y2Z2,TiMo_Ir2_Sn2,C11,268.436668780001,190.49775582317523,-77.93891295682579,-77.93891295682579,,,,,0.0,-0.0,GPa,saved_MACE_minus_DFT
I-42d,X1X2Y2Z2,TiMo_Ir2_Sn2,C12,141.91847152000054,90.08758293441915,-51.83088858558139,-51.83088858558139,,,,,0.0,-0.0,GPa,saved_MACE_minus_DFT
I-42d,X1X2Y2Z2,TiMo_Ir2_Sn2,C13,141.42561668000056,91.35212885273421,-50.07348782726635,-50.07348782726635,,,,,0.0,-0.0,GPa,saved_MACE_minus_DFT
I-42d,X1X2Y2Z2,TiMo_Ir2_Sn2,C14,0.0,-2.071345290671508e-07,-2.071345290671508e-07,-2.071345290671508e-07,,,,,0.0,-0.0,GPa,saved_MACE_minus_DFT
I-42d,X1X2Y2Z2,TiMo_Ir2_Sn2,C15,0.0,0.0,0.0,0.0,,,,,0.0,,GPa,saved_MACE_minus_DFT
I-42d,X1X2Y2Z2,TiMo_Ir2_Sn2,C16,0.0,-1.1988121793406008e-07,-1.1988121793406008e-07,-1.1988121793406008e-07,,,,,0.0,-0.0,GPa,saved_MACE_minus_DFT
I-42d,X1X2Y2Z2,TiMo_Ir2_Sn2,C22,268.43666878000096,190.49775582317517,-77.93891295682579,-77.93891295682579,,,,,0.0,-0.0,GPa,saved_MACE_minus_DFT
I-42d,X1X2Y2Z2,TiMo_Ir2_Sn2,C23,141.4256166800005,91.35212885273413,-50.073487827266376,-50.073487827266376,,,,,0.0,-0.0,GPa,saved_MACE_minus_DFT
I-42d,X1X2Y2Z2,TiMo_Ir2_Sn2,C24,0.0,0.0,0.0,0.0,,,,,0.0,,GPa,saved_MACE_minus_DFT
I-42d,X1X2Y2Z2,TiMo_Ir2_Sn2,C25,0.0,0.0,0.0,0.0,,,,,0.0,,GPa,saved_MACE_minus_DFT
I-42d,X1X2Y2Z2,TiMo_Ir2_Sn2,C26,0.0,0.0,0.0,0.0,,,,,0.0,,GPa,saved_MACE_minus_DFT
I-42d,X1X2Y2Z2,TiMo_Ir2_Sn2,C33,269.7428566800009,193.94872839754296,-75.79412828245793,-75.79412828245793,,,,,0.0,-0.0,GPa,saved_MACE_minus_DFT
I-42d,X1X2Y2Z2,TiMo_Ir2_Sn2,C34,0.0,-5.509071062292642e-08,-5.509071062292642e-08,-5.509071062292642e-08,,,,,0.0,-0.0,GPa,saved_MACE_minus_DFT
I-42d,X1X2Y2Z2,TiMo_Ir2_Sn2,C35,0.0,-5.2029501665869525e-09,-5.2029501665869525e-09,-5.2029501665869525e-09,,,,,0.0,-0.0,GPa,saved_MACE_minus_DFT
I-42d,X1X2Y2Z2,TiMo_Ir2_Sn2,C36,0.0,-4.1395325201312695e-08,-4.1395325201312695e-08,-4.1395325201312695e-08,,,,,0.0,-0.0,GPa,saved_MACE_minus_DFT
I-42d,X1X2Y2Z2,TiMo_Ir2_Sn2,C44,73.30427594333335,49.45234171242558,-23.851934230907773,-23.851934230907773,,,,,0.0,-0.0,GPa,saved_MACE_minus_DFT
I-42d,X1X2Y2Z2,TiMo_Ir2_Sn2,C45,0.0,0.0,0.0,0.0,,,,,0.0,,GPa,saved_MACE_minus_DFT
I-42d,X1X2Y2Z2,TiMo_Ir2_Sn2,C46,0.0,0.0,0.0,0.0,,,,,0.0,,GPa,saved_MACE_minus_DFT
I-42d,X1X2Y2Z2,TiMo_Ir2_Sn2,C55,73.30775795156642,49.45005307420437,-23.857704877362046,-23.857704877362046,,,,,0.0,-0.0,GPa,saved_MACE_minus_DFT
I-42d,X1X2Y2Z2,TiMo_Ir2_Sn2,C56,0.0,-2.788002605773622e-07,-2.788002605773622e-07,-2.788002605773622e-07,,,,,0.0,-0.0,GPa,saved_MACE_minus_DFT
I-42d,X1X2Y2Z2,TiMo_Ir2_Sn2,C66,71.86339279095748,48.32381991211361,-23.539572878843863,-23.539572878843863,,,,,0.0,-0.0,GPa,saved_MACE_minus_DFT
I-42d,X1X2Y2Z2,TiMo_Ir2_Sn2,B_R,183.30577394567734,124.36592181457334,-58.939852131104004,-58.939852131104004,,,,,0.0,-0.0,GPa,saved_MACE_minus_DFT
I-42d,X1X2Y2Z2,TiMo_Ir2_Sn2,G_R,68.78886530631333,49.56634044678586,-19.222524859527468,-19.222524859527468,,,,,0.0,-0.0,GPa,saved_MACE_minus_DFT
I-42d,X1X2Y2Z2,ZrW_Pd2_Ga2,C11,210.45088832000081,159.24678582052402,-51.20410249947679,-51.20410249947679,,,,,0.0,-0.0,GPa,saved_MACE_minus_DFT
I-42d,X1X2Y2Z2,ZrW_Pd2_Ga2,C12,129.18888682000045,95.80351034743397,-33.38537647256648,-33.38537647256648,,,,,0.0,-0.0,GPa,saved_MACE_minus_DFT
I-42d,X1X2Y2Z2,ZrW_Pd2_Ga2,C13,133.4387629600005,101.36745245183717,-32.071310508163336,-32.071310508163336,,,,,0.0,-0.0,GPa,saved_MACE_minus_DFT
I-42d,X1X2Y2Z2,ZrW_Pd2_Ga2,C14,0.0,-2.7086920021036937e-07,-2.7086920021036937e-07,-2.7086920021036937e-07,,,,,0.0,-0.0,GPa,saved_MACE_minus_DFT
I-42d,X1X2Y2Z2,ZrW_Pd2_Ga2,C15,0.0,-6.323265520196868e-08,-6.323265520196868e-08,-6.323265520196868e-08,,,,,0.0,-0.0,GPa,saved_MACE_minus_DFT
I-42d,X1X2Y2Z2,ZrW_Pd2_Ga2,C16,0.0,6.391175500214788e-07,6.391175500214788e-07,6.391175500214788e-07,,,,,0.0,0.0,GPa,saved_MACE_minus_DFT
I-42d,X1X2Y2Z2,ZrW_Pd2_Ga2,C22,210.45088832000073,159.24678582052388,-51.204102499476846,-51.204102499476846,,,,,0.0,-0.0,GPa,saved_MACE_minus_DFT
I-42d,X1X2Y2Z2,ZrW_Pd2_Ga2,C23,133.43876296000047,101.36745245183712,-32.07131050816335,-32.07131050816335,,,,,0.0,-0.0,GPa,saved_MACE_minus_DFT
I-42d,X1X2Y2Z2,ZrW_Pd2_Ga2,C24,0.0,0.0,0.0,0.0,,,,,0.0,,GPa,saved_MACE_minus_DFT
I-42d,X1X2Y2Z2,ZrW_Pd2_Ga2,C25,0.0,0.0,0.0,0.0,,,,,0.0,,GPa,saved_MACE_minus_DFT
I-42d,X1X2Y2Z2,ZrW_Pd2_Ga2,C26,0.0,0.0,0.0,0.0,,,,,0.0,,GPa,saved_MACE_minus_DFT
I-42d,X1X2Y2Z2,ZrW_Pd2_Ga2,C33,204.95047458000064,160.75076805640785,-44.199706523592795,-44.199706523592795,,,,,0.0,-0.0,GPa,saved_MACE_minus_DFT
I-42d,X1X2Y2Z2,ZrW_Pd2_Ga2,C34,0.0,3.7764853201862474e-08,3.7764853201862474e-08,3.7764853201862474e-08,,,,,0.0,0.0,GPa,saved_MACE_minus_DFT
I-42d,X1X2Y2Z2,ZrW_Pd2_Ga2,C35,0.0,-3.1107053026490666e-08,-3.1107053026490666e-08,-3.1107053026490666e-08,,,,,0.0,-0.0,GPa,saved_MACE_minus_DFT
I-42d,X1X2Y2Z2,ZrW_Pd2_Ga2,C36,0.0,3.086623671013697e-07,3.086623671013697e-07,3.086623671013697e-07,,,,,0.0,0.0,GPa,saved_MACE_minus_DFT
I-42d,X1X2Y2Z2,ZrW_Pd2_Ga2,C44,76.55897881000003,48.7310077320872,-27.827971077912828,-27.827971077912828,,,,,0.0,-0.0,GPa,saved_MACE_minus_DFT
I-42d,X1X2Y2Z2,ZrW_Pd2_Ga2,C45,0.0,0.0,0.0,0.0,,,,,0.0,,GPa,saved_MACE_minus_DFT
I-42d,X1X2Y2Z2,ZrW_Pd2_Ga2,C46,0.0,0.0,0.0,0.0,,,,,0.0,,GPa,saved_MACE_minus_DFT
I-42d,X1X2Y2Z2,ZrW_Pd2_Ga2,C55,76.5480154926692,48.71998569885275,-27.82802979381644,-27.82802979381644,,,,,0.0,-0.0,GPa,saved_MACE_minus_DFT
I-42d,X1X2Y2Z2,ZrW_Pd2_Ga2,C56,0.0,-4.7547244173252227e-07,-4.7547244173252227e-07,-4.7547244173252227e-07,,,,,0.0,-0.0,GPa,saved_MACE_minus_DFT
I-42d,X1X2Y2Z2,ZrW_Pd2_Ga2,C66,72.73296561767138,45.675145107251936,-27.057820510419447,-27.057820510419447,,,,,0.0,-0.0,GPa,saved_MACE_minus_DFT
I-42d,X1X2Y2Z2,ZrW_Pd2_Ga2,B_R,158.19923943730097,118.7822265129359,-39.41701292436507,-39.41701292436507,,,,,0.0,-0.0,GPa,saved_MACE_minus_DFT
I-42d,X1X2Y2Z2,ZrW_Pd2_Ga2,G_R,54.24279813144358,38.528517816317205,-15.714280315126373,-15.714280315126373,,,,,0.0,-0.0,GPa,saved_MACE_minus_DFT
I-42d,X1X2Y2Z2,YNb_Ni2_Ge2,C11,241.3947749400007,191.66245707580256,-49.73231786419814,-49.73231786419814,,,,,0.0,-0.0,GPa,saved_MACE_minus_DFT
I-42d,X1X2Y2Z2,YNb_Ni2_Ge2,C12,76.99987208000027,60.384759462996925,-16.615112617003348,-16.615112617003348,,,,,0.0,-0.0,GPa,saved_MACE_minus_DFT
I-42d,X1X2Y2Z2,YNb_Ni2_Ge2,C13,80.94838414000027,62.50257825389622,-18.445805886104054,-18.445805886104054,,,,,0.0,-0.0,GPa,saved_MACE_minus_DFT
I-42d,X1X2Y2Z2,YNb_Ni2_Ge2,C14,0.0,1.921283102851907e-07,1.921283102851907e-07,1.921283102851907e-07,,,,,0.0,0.0,GPa,saved_MACE_minus_DFT
I-42d,X1X2Y2Z2,YNb_Ni2_Ge2,C15,0.0,2.19239497873409e-07,2.19239497873409e-07,2.19239497873409e-07,,,,,0.0,0.0,GPa,saved_MACE_minus_DFT
I-42d,X1X2Y2Z2,YNb_Ni2_Ge2,C16,0.0,5.6902173796325354e-08,5.6902173796325354e-08,5.6902173796325354e-08,,,,,0.0,0.0,GPa,saved_MACE_minus_DFT
I-42d,X1X2Y2Z2,YNb_Ni2_Ge2,C22,241.39477494000096,191.66245707580273,-49.73231786419822,-49.73231786419822,,,,,0.0,-0.0,GPa,saved_MACE_minus_DFT
I-42d,X1X2Y2Z2,YNb_Ni2_Ge2,C23,80.94838414000031,62.50257825389623,-18.445805886104083,-18.445805886104083,,,,,0.0,-0.0,GPa,saved_MACE_minus_DFT
I-42d,X1X2Y2Z2,YNb_Ni2_Ge2,C24,0.0,0.0,0.0,0.0,,,,,0.0,,GPa,saved_MACE_minus_DFT
I-42d,X1X2Y2Z2,YNb_Ni2_Ge2,C25,0.0,0.0,0.0,0.0,,,,,0.0,,GPa,saved_MACE_minus_DFT
I-42d,X1X2Y2Z2,YNb_Ni2_Ge2,C26,0.0,0.0,0.0,0.0,,,,,0.0,,GPa,saved_MACE_minus_DFT
I-42d,X1X2Y2Z2,YNb_Ni2_Ge2,C33,246.48935294000094,194.95074601855234,-51.538606921448604,-51.538606921448604,,,,,0.0,-0.0,GPa,saved_MACE_minus_DFT
I-42d,X1X2Y2Z2,YNb_Ni2_Ge2,C34,0.0,-8.805419640501567e-08,-8.805419640501567e-08,-8.805419640501567e-08,,,,,0.0,-0.0,GPa,saved_MACE_minus_DFT
I-42d,X1X2Y2Z2,YNb_Ni2_Ge2,C35,0.0,-4.797957762632187e-09,-4.797957762632187e-09,-4.797957762632187e-09,,,,,0.0,-0.0,GPa,saved_MACE_minus_DFT
I-42d,X1X2Y2Z2,YNb_Ni2_Ge2,C36,0.0,-6.647455206207748e-08,-6.647455206207748e-08,-6.647455206207748e-08,,,,,0.0,-0.0,GPa,saved_MACE_minus_DFT
I-42d,X1X2Y2Z2,YNb_Ni2_Ge2,C44,69.80925651666666,49.301255381616386,-20.50800113505028,-20.50800113505028,,,,,0.0,-0.0,GPa,saved_MACE_minus_DFT
I-42d,X1X2Y2Z2,YNb_Ni2_Ge2,C45,0.0,0.0,0.0,0.0,,,,,0.0,,GPa,saved_MACE_minus_DFT
I-42d,X1X2Y2Z2,YNb_Ni2_Ge2,C46,0.0,0.0,0.0,0.0,,,,,0.0,,GPa,saved_MACE_minus_DFT
I-42d,X1X2Y2Z2,YNb_Ni2_Ge2,C55,69.80884491911026,49.29151238328721,-20.517332535823044,-20.517332535823044,,,,,0.0,-0.0,GPa,saved_MACE_minus_DFT
I-42d,X1X2Y2Z2,YNb_Ni2_Ge2,C56,0.0,-7.925570960803309e-07,-7.925570960803309e-07,-7.925570960803309e-07,,,,,0.0,-0.0,GPa,saved_MACE_minus_DFT
I-42d,X1X2Y2Z2,YNb_Ni2_Ge2,C66,70.84470881973994,49.822864275318224,-21.02184454442171,-21.02184454442171,,,,,0.0,-0.0,GPa,saved_MACE_minus_DFT
I-42d,X1X2Y2Z2,YNb_Ni2_Ge2,B_R,133.78071011342783,105.2197030868381,-28.561007026589735,-28.561007026589735,,,,,0.0,-0.0,GPa,saved_MACE_minus_DFT
I-42d,X1X2Y2Z2,YNb_Ni2_Ge2,G_R,74.32999539741185,54.81311966478278,-19.516875732629067,-19.516875732629067,,,,,0.0,-0.0,GPa,saved_MACE_minus_DFT
Pmn21,X1X2Y2Z2,TiW_Pd2_Al2,C11,252.79896810000105,172.7448867314908,-80.05408136851025,-80.05408136851025,,,,,0.0,-0.0,GPa,saved_MACE_minus_DFT
Pmn21,X1X2Y2Z2,TiW_Pd2_Al2,C12,92.93002062000032,72.70937239812486,-20.220648221875464,-20.220648221875464,,,,,0.0,-0.0,GPa,saved_MACE_minus_DFT
Pmn21,X1X2Y2Z2,TiW_Pd2_Al2,C13,126.90925476000047,90.48738366110209,-36.42187109889838,-36.42187109889838,,,,,0.0,-0.0,GPa,saved_MACE_minus_DFT
Pmn21,X1X2Y2Z2,TiW_Pd2_Al2,C14,0.0,-2.489055408339335e-07,-2.489055408339335e-07,-2.489055408339335e-07,,,,,0.0,-0.0,GPa,saved_MACE_minus_DFT
Pmn21,X1X2Y2Z2,TiW_Pd2_Al2,C15,0.0,0.0,0.0,0.0,,,,,0.0,,GPa,saved_MACE_minus_DFT
Pmn21,X1X2Y2Z2,TiW_Pd2_Al2,C16,0.0,4.252126844300053e-09,4.252126844300053e-09,4.252126844300053e-09,,,,,0.0,0.0,GPa,saved_MACE_minus_DFT
Pmn21,X1X2Y2Z2,TiW_Pd2_Al2,C22,250.47016264000092,175.4989563081661,-74.97120633183482,-74.97120633183482,,,,,0.0,-0.0,GPa,saved_MACE_minus_DFT
Pmn21,X1X2Y2Z2,TiW_Pd2_Al2,C23,123.65114038000046,89.2546721960191,-34.396468183981355,-34.396468183981355,,,,,0.0,-0.0,GPa,saved_MACE_minus_DFT
Pmn21,X1X2Y2Z2,TiW_Pd2_Al2,C24,0.0,-2.921267382852807e-07,-2.921267382852807e-07,-2.921267382852807e-07,,,,,0.0,-0.0,GPa,saved_MACE_minus_DFT
Pmn21,X1X2Y2Z2,TiW_Pd2_Al2,C25,0.0,0.0,0.0,0.0,,,,,0.0,,GPa,saved_MACE_minus_DFT
Pmn21,X1X2Y2Z2,TiW_Pd2_Al2,C26,0.0,0.0,0.0,0.0,,,,,0.0,,GPa,saved_MACE_minus_DFT
Pmn21,X1X2Y2Z2,TiW_Pd2_Al2,C33,218.98851012000083,156.4037061892475,-62.58480393075334,-62.58480393075334,,,,,0.0,-0.0,GPa,saved_MACE_minus_DFT
Pmn21,X1X2Y2Z2,TiW_Pd2_Al2,C34,0.0,0.0,0.0,0.0,,,,,0.0,,GPa,saved_MACE_minus_DFT
Pmn21,X1X2Y2Z2,TiW_Pd2_Al2,C35,0.0,0.0,0.0,0.0,,,,,0.0,,GPa,saved_MACE_minus_DFT
Pmn21,X1X2Y2Z2,TiW_Pd2_Al2,C36,0.0,0.0,0.0,0.0,,,,,0.0,,GPa,saved_MACE_minus_DFT
Pmn21,X1X2Y2Z2,TiW_Pd2_Al2,C44,75.82715348114034,47.6433025574626,-28.183850923677745,-28.183850923677745,,,,,0.0,-0.0,GPa,saved_MACE_minus_DFT
Pmn21,X1X2Y2Z2,TiW_Pd2_Al2,C45,0.0,0.0,0.0,0.0,,,,,0.0,,GPa,saved_MACE_minus_DFT
Pmn21,X1X2Y2Z2,TiW_Pd2_Al2,C46,0.0,0.0,0.0,0.0,,,,,0.0,,GPa,saved_MACE_minus_DFT
Pmn21,X1X2Y2Z2,TiW_Pd2_Al2,C55,76.1244964443609,47.35680846478189,-28.76768797957901,-28.76768797957901,,,,,0.0,-0.0,GPa,saved_MACE_minus_DFT
Pmn21,X1X2Y2Z2,TiW_Pd2_Al2,C56,0.0,-1.692450205146343e-09,-1.692450205146343e-09,-1.692450205146343e-09,,,,,0.0,-0.0,GPa,saved_MACE_minus_DFT
Pmn21,X1X2Y2Z2,TiW_Pd2_Al2,C66,47.809317832142874,35.929079243189165,-11.88023858895371,-11.88023858895371,,,,,0.0,-0.0,GPa,saved_MACE_minus_DFT
Pmn21,X1X2Y2Z2,TiW_Pd2_Al2,B_R,155.68257202037017,111.48916272436944,-44.19340929600074,-44.19340929600074,,,,,0.0,-0.0,GPa,saved_MACE_minus_DFT
Pmn21,X1X2Y2Z2,TiW_Pd2_Al2,G_R,61.55154231836184,41.74382446226683,-19.80771785609501,-19.80771785609501,,,,,0.0,-0.0,GPa,saved_MACE_minus_DFT
Pmn21,X1X2Y2Z2,TiCr_Rh2_Ge2,C11,270.6382322800011,182.2373643222564,-88.40086795774468,-88.40086795774468,,,,,0.0,-0.0,GPa,saved_MACE_minus_DFT
Pmn21,X1X2Y2Z2,TiCr_Rh2_Ge2,C12,114.5773231800004,85.996975784297,-28.5803473957034,-28.5803473957034,,,,,0.0,-0.0,GPa,saved_MACE_minus_DFT
Pmn21,X1X2Y2Z2,TiCr_Rh2_Ge2,C13,149.91555624000054,101.29367765782642,-48.62187858217412,-48.62187858217412,,,,,0.0,-0.0,GPa,saved_MACE_minus_DFT
Pmn21,X1X2Y2Z2,TiCr_Rh2_Ge2,C14,0.0,0.0,0.0,0.0,,,,,0.0,,GPa,saved_MACE_minus_DFT
Pmn21,X1X2Y2Z2,TiCr_Rh2_Ge2,C15,0.0,0.0,0.0,0.0,,,,,0.0,,GPa,saved_MACE_minus_DFT
Pmn21,X1X2Y2Z2,TiCr_Rh2_Ge2,C16,0.0,3.5152826456729524e-09,3.5152826456729524e-09,3.5152826456729524e-09,,,,,0.0,0.0,GPa,saved_MACE_minus_DFT
Pmn21,X1X2Y2Z2,TiCr_Rh2_Ge2,C22,267.197491340001,173.65834256226512,-93.5391487777359,-93.5391487777359,,,,,0.0,-0.0,GPa,saved_MACE_minus_DFT
Pmn21,X1X2Y2Z2,TiCr_Rh2_Ge2,C23,148.0071499400006,98.64712362584841,-49.36002631415219,-49.36002631415219,,,,,0.0,-0.0,GPa,saved_MACE_minus_DFT
Pmn21,X1X2Y2Z2,TiCr_Rh2_Ge2,C24,0.0,0.0,0.0,0.0,,,,,0.0,,GPa,saved_MACE_minus_DFT
Pmn21,X1X2Y2Z2,TiCr_Rh2_Ge2,C25,0.0,0.0,0.0,0.0,,,,,0.0,,GPa,saved_MACE_minus_DFT
Pmn21,X1X2Y2Z2,TiCr_Rh2_Ge2,C26,0.0,1.5668461274592851e-09,1.5668461274592851e-09,1.5668461274592851e-09,,,,,0.0,0.0,GPa,saved_MACE_minus_DFT
Pmn21,X1X2Y2Z2,TiCr_Rh2_Ge2,C33,242.06203306000094,163.07784582780442,-78.98418723219652,-78.98418723219652,,,,,0.0,-0.0,GPa,saved_MACE_minus_DFT
Pmn21,X1X2Y2Z2,TiCr_Rh2_Ge2,C34,0.0,-1.6450117361912773e-08,-1.6450117361912773e-08,-1.6450117361912773e-08,,,,,0.0,-0.0,GPa,saved_MACE_minus_DFT
Pmn21,X1X2Y2Z2,TiCr_Rh2_Ge2,C35,0.0,0.0,0.0,0.0,,,,,0.0,,GPa,saved_MACE_minus_DFT
Pmn21,X1X2Y2Z2,TiCr_Rh2_Ge2,C36,0.0,1.7499944406108874e-09,1.7499944406108874e-09,1.7499944406108874e-09,,,,,0.0,0.0,GPa,saved_MACE_minus_DFT
Pmn21,X1X2Y2Z2,TiCr_Rh2_Ge2,C44,73.63885051152882,44.618783371855564,-29.02006713967325,-29.02006713967325,,,,,0.0,-0.0,GPa,saved_MACE_minus_DFT
Pmn21,X1X2Y2Z2,TiCr_Rh2_Ge2,C45,0.0,1.7905034779016262e-09,1.7905034779016262e-09,1.7905034779016262e-09,,,,,0.0,0.0,GPa,saved_MACE_minus_DFT
Pmn21,X1X2Y2Z2,TiCr_Rh2_Ge2,C46,0.0,-1.0499870469384105e-10,-1.0499870469384105e-10,-1.0499870469384105e-10,,,,,0.0,-0.0,GPa,saved_MACE_minus_DFT
Pmn21,X1X2Y2Z2,TiCr_Rh2_Ge2,C55,72.70443549197995,44.156102245170885,-28.548333246809065,-28.548333246809065,,,,,0.0,-0.0,GPa,saved_MACE_minus_DFT
Pmn21,X1X2Y2Z2,TiCr_Rh2_Ge2,C56,0.0,8.269784716102976e-09,8.269784716102976e-09,8.269784716102976e-09,,,,,0.0,0.0,GPa,saved_MACE_minus_DFT
Pmn21,X1X2Y2Z2,TiCr_Rh2_Ge2,C66,42.93404660770677,31.453153124128086,-11.480893483578683,-11.480893483578683,,,,,0.0,-0.0,GPa,saved_MACE_minus_DFT
Pmn21,X1X2Y2Z2,TiCr_Rh2_Ge2,B_R,177.42447668235985,122.60217229421981,-54.82230438814004,-54.82230438814004,,,,,0.0,-0.0,GPa,saved_MACE_minus_DFT
Pmn21,X1X2Y2Z2,TiCr_Rh2_Ge2,G_R,58.411254068366794,38.44544824925107,-19.965805819115722,-19.965805819115722,,,,,0.0,-0.0,GPa,saved_MACE_minus_DFT
Pmn21,X1X2Y2Z2,YV_Ir2_As2,C11,243.87591454000102,176.55731805261766,-67.31859648738336,-67.31859648738336,,,,,0.0,-0.0,GPa,saved_MACE_minus_DFT
Pmn21,X1X2Y2Z2,YV_Ir2_As2,C12,97.19375682000009,69.2123442790691,-27.98141254093099,-27.98141254093099,,,,,0.0,-0.0,GPa,saved_MACE_minus_DFT
Pmn21,X1X2Y2Z2,YV_Ir2_As2,C13,121.17177864000031,92.57134082391129,-28.600437816089027,-28.600437816089027,,,,,0.0,-0.0,GPa,saved_MACE_minus_DFT
Pmn21,X1X2Y2Z2,YV_Ir2_As2,C14,-2.924000000000006e-05,-0.00010934293150043467,-8.010293150043462e-05,-8.010293150043462e-05,,,,,0.0,-0.0,GPa,saved_MACE_minus_DFT
Pmn21,X1X2Y2Z2,YV_Ir2_As2,C15,-9.340000000000038e-06,-3.1361453507286595e-05,-2.202145350728656e-05,-2.202145350728656e-05,,,,,0.0,-0.0,GPa,saved_MACE_minus_DFT
Pmn21,X1X2Y2Z2,YV_Ir2_As2,C16,5.046000000000017e-05,-2.283093874709103e-05,-7.329093874709121e-05,-7.329093874709121e-05,,,,,0.0,-0.0,GPa,saved_MACE_minus_DFT
Pmn21,X1X2Y2Z2,YV_Ir2_As2,C22,197.9946986000005,141.97167039174056,-56.023028208259944,-56.023028208259944,,,,,0.0,-0.0,GPa,saved_MACE_minus_DFT
Pmn21,X1X2Y2Z2,YV_Ir2_As2,C23,105.4798434200003,82.72438670589042,-22.75545671410987,-22.75545671410987,,,,,0.0,-0.0,GPa,saved_MACE_minus_DFT
Pmn21,X1X2Y2Z2,YV_Ir2_As2,C24,-3.986000000000011e-05,-0.00020211606082862544,-0.00016225606082862534,-0.00016225606082862534,,,,,0.0,-0.0,GPa,saved_MACE_minus_DFT
Pmn21,X1X2Y2Z2,YV_Ir2_As2,C25,-5.160000000000019e-06,0.00010915197985173514,0.00011431197985173516,0.00011431197985173516,,,,,0.0,0.0,GPa,saved_MACE_minus_DFT
Pmn21,X1X2Y2Z2,YV_Ir2_As2,C26,4.308000000000015e-05,6.547320881687349e-05,2.239320881687334e-05,2.239320881687334e-05,,,,,0.0,0.0,GPa,saved_MACE_minus_DFT
Pmn21,X1X2Y2Z2,YV_Ir2_As2,C33,219.1366575000006,165.75124677400137,-53.385410725999236,-53.385410725999236,,,,,0.0,-0.0,GPa,saved_MACE_minus_DFT
Pmn21,X1X2Y2Z2,YV_Ir2_As2,C34,-4.37200000000001e-05,-8.268709893104607e-05,-3.896709893104597e-05,-3.896709893104597e-05,,,,,0.0,-0.0,GPa,saved_MACE_minus_DFT
Pmn21,X1X2Y2Z2,YV_Ir2_As2,C35,-8.560000000000028e-06,1.458226150928957e-05,2.31422615092896e-05,2.31422615092896e-05,,,,,0.0,0.0,GPa,saved_MACE_minus_DFT
Pmn21,X1X2Y2Z2,YV_Ir2_As2,C36,3.2940000000000095e-05,1.5896896636172765e-05,-1.704310336382733e-05,-1.704310336382733e-05,,,,,0.0,-0.0,GPa,saved_MACE_minus_DFT
Pmn21,X1X2Y2Z2,YV_Ir2_As2,C44,49.89199579833335,33.52167525128241,-16.370320547050937,-16.370320547050937,,,,,0.0,-0.0,GPa,saved_MACE_minus_DFT
Pmn21,X1X2Y2Z2,YV_Ir2_As2,C45,7.463333333333337e-06,3.0828243359547416e-05,2.336491002621408e-05,2.336491002621408e-05,,,,,0.0,0.0,GPa,saved_MACE_minus_DFT
Pmn21,X1X2Y2Z2,YV_Ir2_As2,C46,-1.216666666666667e-06,4.682075528994079e-06,5.8987421956607465e-06,5.8987421956607465e-06,,,,,0.0,0.0,GPa,saved_MACE_minus_DFT
Pmn21,X1X2Y2Z2,YV_Ir2_As2,C55,57.104210785000014,43.00592597131488,-14.098284813685133,-14.098284813685133,,,,,0.0,-0.0,GPa,saved_MACE_minus_DFT
Pmn21,X1X2Y2Z2,YV_Ir2_As2,C56,-7.960000000000002e-06,4.33228243588955e-05,5.1282824358895505e-05,5.1282824358895505e-05,,,,,0.0,0.0,GPa,saved_MACE_minus_DFT
Pmn21,X1X2Y2Z2,YV_Ir2_As2,C66,45.17510632166668,32.724340149635964,-12.450766172030718,-12.450766172030718,,,,,0.0,-0.0,GPa,saved_MACE_minus_DFT
Pmn21,X1X2Y2Z2,YV_Ir2_As2,B_R,144.5733986292516,109.29643211356812,-35.2769665156835,-35.2769665156835,,,,,0.0,-0.0,GPa,saved_MACE_minus_DFT
Pmn21,X1X2Y2Z2,YV_Ir2_As2,G_R,52.163879644064046,37.16081438829065,-15.003065255773393,-15.003065255773393,,,,,0.0,-0.0,GPa,saved_MACE_minus_DFT
I-42d,X1X2Y2Z2,ZrMo_Os2_Bi2,v_t,2102.702383160748,1785.7144925660389,-316.98789059470914,-293.0945132940562,-425.6525207677505,-303.5902760133165,-382.56985013235754,-281.67394195958843,23.893377300652958,-7.5376309346789165,m/s,saved_MACE_minus_DFT
I-42d,X1X2Y2Z2,TiCr_Fe2_As2,v_t,3617.267491042988,3078.3367624655866,-538.9307285774012,-498.78352755837705,-417.71198003254267,-302.43355261112583,-393.59387172361073,-289.7905763906122,40.14720101902412,-7.449417687686775,m/s,saved_MACE_minus_DFT
I-42d,X1X2Y2Z2,YV_Ag2_Ga2,v_t,1845.1419763972276,1462.021980854655,-383.1199955425725,-343.34502622797777,-1237.9975909856967,-763.8026469408094,-822.6804894044475,-605.7133261902982,39.77496931459473,-10.381856801356877,m/s,saved_MACE_minus_DFT
I-42d,X2Y1Y2Z2,W2_OsPt_Ga2,v_t,2281.059972537917,1891.781297825725,-389.278674712192,-356.0621244219604,-345.44171149955423,-248.62930118701593,-319.2850173572748,-235.07934411596912,33.21655029023162,-8.532846119759794,m/s,saved_MACE_minus_DFT
I-42d,X2Y1Y2Z2,Ti2_OsNi_Bi2,v_t,2284.2598891503817,1963.54621560568,-320.7136735447018,-298.1993219844695,-467.91692539649625,-333.5842954123598,-419.9919388149679,-309.2266286962598,22.514351560232285,-7.020078474170258,m/s,saved_MACE_minus_DFT
I-42d,X1X2Y2Z2,TiMo_Ir2_Sn2,v_t,2501.955610502064,2123.8016561013737,-378.15395440069005,-349.57622651682385,-409.16386728041834,-293.88073964424757,-375.7070246439749,-276.6210630993628,28.577727883866203,-7.557167537532976,m/s,saved_MACE_minus_DFT
I-42d,X1X2Y2Z2,ZrW_Pd2_Ga2,v_t,2386.4312225501358,2011.2637731011534,-375.1674494489823,-345.67767957921654,-508.670924679162,-362.0703481781061,-454.45898947462297,-334.60361547048427,29.48976986976578,-7.860428700058635,m/s,saved_MACE_minus_DFT
I-42d,X1X2Y2Z2,YNb_Ni2_Ge2,v_t,3208.716463843083,2755.4437513103985,-453.27271253268464,-421.2573951554891,-482.1413465295177,-347.0874901301959,-445.9180964149097,-328.3152291401124,32.015317377195515,-7.063146863244487,m/s,saved_MACE_minus_DFT
Pmn21,X1X2Y2Z2,TiW_Pd2_Al2,v_t,2795.3231641580546,2302.0177677314277,-493.3053964266269,-449.7772961225378,-516.9101794956355,-369.8651418702052,-469.11675491199014,-345.3956592492447,43.528100304089094,-8.823763254850865,m/s,saved_MACE_minus_DFT
Pmn21,X1X2Y2Z2,TiCr_Rh2_Ge2,v_t,2746.4108281072918,2228.1257713406167,-518.2850567666751,-469.3813389909998,-538.4755499654884,-384.51309971300407,-485.6873955234853,-357.59609182442193,48.90371777567532,-9.435679678044647,m/s,saved_MACE_minus_DFT
Pmn21,X1X2Y2Z2,YV_Ir2_As2,v_t,2290.0463151225617,1932.8668393055827,-357.179475816979,-329.324760149784,-510.35193387307504,-362.59114195108236,-453.48428567573984,-333.88597224486307,27.854715667194966,-7.7985207866389,m/s,saved_MACE_minus_DFT
I-42d,X1X2Y2Z2,ZrMo_Os2_Bi2,v_l,4361.937983326166,3714.7632532385996,-647.1747300875668,-599.1645184723462,-762.055970806693,-543.548425973197,-695.4881625455471,-509.68218434994355,48.010211615220555,-7.418431125814273,m/s,saved_MACE_minus_DFT
I-42d,X1X2Y2Z2,TiCr_Fe2_As2,v_l,6670.49447001651,5647.966035054075,-1022.5284349624344,-944.1561040200672,-860.4088284233994,-618.5562196606388,-804.9179382535212,-589.8768017703543,78.37233094236717,-7.664562496518388,m/s,saved_MACE_minus_DFT
I-42d,X1X2Y2Z2,YV_Ag2_Ga2,v_l,4340.498280080867,3556.905913819068,-783.5923662617988,-712.861201676206,-1621.892569541711,-1107.9218678096631,-1318.8702737828928,-966.5221037775042,70.73116458559286,-9.02652547816699,m/s,saved_MACE_minus_DFT
I-42d,X2Y1Y2Z2,W2_OsPt_Ga2,v_l,4743.130808662811,4030.0646224585407,-713.0661862042707,-659.4662111646564,-619.530023977637,-445.2658254910575,-579.0696755186891,-424.36595330240414,53.599975039614264,-7.5168302854091,m/s,saved_MACE_minus_DFT
I-42d,X2Y1Y2Z2,Ti2_OsNi_Bi2,v_l,4371.965082311803,3840.030699500398,-531.9343828114047,-499.574313335812,-925.5028068323268,-655.6148516272469,-827.5428015111514,-606.4572273574147,32.360069475592695,-6.083470164978193,m/s,saved_MACE_minus_DFT
I-42d,X1X2Y2Z2,TiMo_Ir2_Sn2,v_l,5002.718091034419,4163.091966364037,-839.6261246703816,-769.1672244884575,-767.4735005159228,-549.4692036895567,-708.6039456783473,-519.2939669173398,70.45890018192415,-8.391699366141653,m/s,saved_MACE_minus_DFT
I-42d,X1X2Y2Z2,ZrW_Pd2_Ga2,v_l,4919.6587991793385,4226.67086487818,-692.9879343011589,-644.1804563143628,-916.7818372194733,-652.5297577020974,-831.3603708775677,-609.2548984011041,48.80747798679613,-7.043048741680596,m/s,saved_MACE_minus_DFT
I-42d,X1X2Y2Z2,YNb_Ni2_Ge2,v_l,5679.658954561005,4969.6941920610225,-709.9647624999825,-665.5915027651804,-1046.4478000573026,-745.1078699727195,-950.0465014049073,-696.2329513960109,44.373259734802105,-6.250065084716539,m/s,saved_MACE_minus_DFT
Pmn21,X1X2Y2Z2,TiW_Pd2_Al2,v_l,5493.814601133875,4606.410315603685,-887.4042855301896,-815.7340142204499,-989.2196197634657,-704.8955503206435,-900.1598746527542,-659.6739899899316,71.67027130973963,-8.076394545122062,m/s,saved_MACE_minus_DFT
Pmn21,X1X2Y2Z2,TiCr_Rh2_Ge2,v_l,5741.797537090532,4738.277967371489,-1003.5195697190438,-915.8247737684896,-955.6271009185648,-682.6212602929618,-876.1029492821802,-642.0440906876344,87.69479595055418,-8.738723050025438,m/s,saved_MACE_minus_DFT
Pmn21,X1X2Y2Z2,YV_Ir2_As2,v_l,4639.735820932177,3996.1794631316006,-643.5563578005767,-598.9239906087807,-939.1485939237191,-666.4562958887514,-844.1000700950829,-618.5910712863173,44.63236719179599,-6.9352694058266975,m/s,saved_MACE_minus_DFT
I-42d,X1X2Y2Z2,ZrMo_Os2_Bi2,v_m,2363.663018832988,2007.6319208627535,-356.03109797023467,-329.21549667246063,-475.2203690000583,-338.8943230995578,-427.22914169591155,-314.4866452808043,26.815601297774037,-7.531814341683127,m/s,saved_MACE_minus_DFT
I-42d,X1X2Y2Z2,TiCr_Fe2_As2,v_m,4036.1961237439723,3433.5553133666494,-602.6408103773229,-557.6380807104888,-470.2319799784718,-340.22915554987276,-442.71189800976407,-325.83135048178764,45.00272966683406,-7.467587473649045,m/s,saved_MACE_minus_DFT
I-42d,X1X2Y2Z2,YV_Ag2_Ga2,v_m,2085.7902535149096,1654.6633616084025,-431.1268919065071,-386.4395701043738,-1392.0689119348865,-855.5930635818681,-919.0203543629572,-676.5649470174186,44.68732180213334,-10.365236463102399,m/s,saved_MACE_minus_DFT
I-42d,X2Y1Y2Z2,W2_OsPt_Ga2,v_m,2564.4765433245693,2129.453507690803,-435.02303563376654,-397.997253290772,-385.6747529090362,-277.5419405105026,-356.53890138525065,-262.45165836833786,37.025782342994546,-8.511223385918692,m/s,saved_MACE_minus_DFT
I-42d,X2Y1Y2Z2,Ti2_OsNi_Bi2,v_m,2555.4671490114615,2199.736594921211,-355.73055409025073,-330.83516591428446,-524.6557038199351,-373.86340257085067,-470.7791234758943,-346.50925884081647,24.895388175966275,-6.998383436484396,m/s,saved_MACE_minus_DFT
I-42d,X1X2Y2Z2,TiMo_Ir2_Sn2,v_m,2806.6889157958735,2379.6138736696175,-427.075042126256,-394.4716120593431,-457.3636800176773,-328.43512320630543,-420.0595554738843,-309.19621518073484,32.60343006691289,-7.634122074797889,m/s,saved_MACE_minus_DFT
I-42d,X1X2Y2Z2,ZrW_Pd2_Ga2,v_m,2681.7071825433222,2262.4023508247706,-419.30483171855167,-386.4346695966514,-567.9666085971048,-404.22044915479637,-507.5845423127708,-373.6344112721027,32.87016212190025,-7.839204234108029,m/s,saved_MACE_minus_DFT
I-42d,X1X2Y2Z2,YNb_Ni2_Ge2,v_m,3568.8816004829423,3069.3682998951253,-499.51330058781696,-464.3811771451915,-547.0719824333437,-393.1748950928186,-504.32352012591247,-371.1480787476211,35.13212344262547,-7.033270866117621,m/s,saved_MACE_minus_DFT
Pmn21,X1X2Y2Z2,TiW_Pd2_Al2,v_m,3132.5301620985406,2582.513550232215,-550.0166118663255,-501.63070532183303,-578.3362425162704,-413.7136616623916,-524.9385916642949,-386.38679702050916,48.385906544492514,-8.79717184910264,m/s,saved_MACE_minus_DFT
Pmn21,X1X2Y2Z2,TiCr_Rh2_Ge2,v_m,3088.5212691995084,2507.8378786906724,-580.683390508836,-526.0229496109926,-601.1175065808425,-429.1783903527744,-542.3004280119363,-399.1946707782599,54.6604408978435,-9.41312284650438,m/s,saved_MACE_minus_DFT
Pmn21,X1X2Y2Z2,YV_Ir2_As2,v_m,2570.926135730118,2172.360782628238,-398.56535310187974,-367.5708977454055,-570.1095030677279,-404.99036873577916,-506.7585138287868,-373.01917802922935,30.994455356474248,-7.776505186729455,m/s,saved_MACE_minus_DFT
I-42d,X1X2Y2Z2,ZrMo_Os2_Bi2,Theta_D,254.09605741236558,215.82237051638066,-38.27368689598492,-35.390983857262235,-51.086648647819146,-36.43146704623996,-45.927545361435655,-33.80761810714768,2.8827030387226884,-7.531814341683129,K,saved_MACE_minus_DFT
I-42d,X1X2Y2Z2,TiCr_Fe2_As2,Theta_D,501.15791107949536,426.33047445339764,-74.82743662609772,-69.23963234175457,-58.38677546476299,-42.244858192260324,-54.969719809057956,-40.45714181504967,5.58780428434315,-7.4675874736490435,K,saved_MACE_minus_DFT
I-42d,X1X2Y2Z2,YV_Ag2_Ga2,Theta_D,228.26872828602242,181.0862336993488,-47.18249458667361,-42.29191745357441,-152.34791690027043,-93.63604045279851,-100.57751837984716,-74.04321685668589,4.8905771330992,-10.365236463102379,K,saved_MACE_minus_DFT
I-42d,X2Y1Y2Z2,W2_OsPt_Ga2,Theta_D,294.5600569839711,244.59258486995364,-49.967472114017454,-45.71462894209682,-44.29924597668136,-31.878930624271504,-40.95265343035345,-30.145635625231357,4.252843171920631,-8.511223385918644,K,saved_MACE_minus_DFT
I-42d,X2Y1Y2Z2,Ti2_OsNi_Bi2,Theta_D,282.1709533000328,242.8917046489891,-39.2792486510437,-36.53033621947353,-57.9317171650743,-41.281451318291914,-51.98274378769999,-38.261046686600345,2.7489124315701687,-6.998383436484412,K,saved_MACE_minus_DFT
I-42d,X1X2Y2Z2,TiMo_Ir2_Sn2,Theta_D,311.61068905500855,264.1949788898432,-47.415710165165365,-43.795936968524316,-50.77848516697105,-36.4642816224478,-46.63682062828137,-34.328295210567894,3.6197731966410487,-7.6341220747978324,K,saved_MACE_minus_DFT
I-42d,X1X2Y2Z2,ZrW_Pd2_Ga2,Theta_D,303.36587653433065,255.93236901441577,-47.43350751991488,-43.715097990027765,-64.25074638308624,-45.727099389966554,-57.42007576231831,-42.267079499504206,3.7184095298871185,-7.8392042341080295,K,saved_MACE_minus_DFT
I-42d,X1X2Y2Z2,YNb_Ni2_Ge2,Theta_D,412.9138489709462,355.1209651918973,-57.79288377904891,-53.72815372152783,-63.295346615071196,-45.48970165599076,-58.349418426654324,-42.941234506943,4.064730057521075,-7.0332708661176415,K,saved_MACE_minus_DFT
Pmn21,X1X2Y2Z2,TiW_Pd2_Al2,Theta_D,359.1199284387225,296.06485280579716,-63.055075632925366,-57.508012269915284,-66.30169839668065,-47.4290151673394,-60.18007799385881,-44.2962052128223,5.547063363010082,-8.797171849102629,K,saved_MACE_minus_DFT
Pmn21,X1X2Y2Z2,TiCr_Rh2_Ge2,Theta_D,364.03146132271786,295.5886678989413,-68.44279342377655,-62.00018919921721,-70.85127971419428,-50.58551422854396,-63.91874948502038,-47.05145494863809,6.442604224559339,-9.413122846504427,K,saved_MACE_minus_DFT
Pmn21,X1X2Y2Z2,YV_Ir2_As2,Theta_D,288.08054489596935,243.42001478484795,-44.6605301111214,-41.18750167060919,-63.882604020235505,-45.38047378396956,-56.78392185818655,-41.79799900505096,3.4730284405122163,-7.776505186729434,K,saved_MACE_minus_DFT
I-42d,X1X2Y2Z2,HfCr_Co2_Ge2,gamma,,1.456741649751794,0.6835940324760499,0.6835940324760499,,,,,0.0,0.0,dimensionless,saved_EOS_uncertainty_per_compound
I-42d,X1X2Y2Z2,HfCr_Ir2_Ge2,gamma,,2.1496764884192423,1.2437602413705475,1.2437602413705475,,,,,0.0,0.0,dimensionless,saved_EOS_uncertainty_per_compound
I-42d,X1X2Y2Z2,HfMo_Co2_Ge2,gamma,,2.3536187815918312,0.3600233776768899,0.3600233776768899,,,,,0.0,0.0,dimensionless,saved_EOS_uncertainty_per_compound
I-42d,X1X2Y2Z2,HfMo_Co2_Sn2,gamma,,2.2779663523545484,1.012877516999314,1.012877516999314,,,,,0.0,0.0,dimensionless,saved_EOS_uncertainty_per_compound
I-42d,X1X2Y2Z2,HfMo_Fe2_Sb2,gamma,,1.3839374387693064,1.2408626828949565,1.2408626828949565,,,,,0.0,0.0,dimensionless,saved_EOS_uncertainty_per_compound
I-42d,X1X2Y2Z2,HfMo_Ir2_Ge2,gamma,,2.0803582712679187,0.4617724179203496,0.4617724179203496,,,,,0.0,0.0,dimensionless,saved_EOS_uncertainty_per_compound
I-42d,X1X2Y2Z2,HfMo_Ni2_Ga2,gamma,,1.9007973130156344,0.4428806133788907,0.4428806133788907,,,,,0.0,0.0,dimensionless,saved_EOS_uncertainty_per_compound
I-42d,X1X2Y2Z2,HfMo_Os2_Sb2,gamma,,2.5040996935550397,1.0079905930552282,1.0079905930552282,,,,,0.0,0.0,dimensionless,saved_EOS_uncertainty_per_compound
I-42d,X1X2Y2Z2,HfMo_Pt2_Ga2,gamma,,2.079467178167423,1.626752239351552,1.626752239351552,,,,,0.0,0.0,dimensionless,saved_EOS_uncertainty_per_compound
I-42d,X1X2Y2Z2,HfMo_Rh2_Ge2,gamma,,1.942901919184593,0.9764070164550895,0.9764070164550895,,,,,0.0,0.0,dimensionless,saved_EOS_uncertainty_per_compound
I-42d,X1X2Y2Z2,HfMo_Rh2_Sn2,gamma,,1.6335523816847455,0.7639979064428537,0.7639979064428537,,,,,0.0,0.0,dimensionless,saved_EOS_uncertainty_per_compound
I-42d,X1X2Y2Z2,HfMo_Ru2_As2,gamma,,2.1125771976307255,0.79992119554556,0.79992119554556,,,,,0.0,0.0,dimensionless,saved_EOS_uncertainty_per_compound
I-42d,X1X2Y2Z2,HfW_Co2_Ge2,gamma,,2.296636601999559,0.7797865625546011,0.7797865625546011,,,,,0.0,0.0,dimensionless,saved_EOS_uncertainty_per_compound
I-42d,X1X2Y2Z2,HfW_Co2_Sn2,gamma,,1.8376733976459292,1.2790945257777167,1.2790945257777167,,,,,0.0,0.0,dimensionless,saved_EOS_uncertainty_per_compound
I-42d,X1X2Y2Z2,HfW_Ir2_Ge2,gamma,,3.613584536011802,2.0359012221162676,2.0359012221162676,,,,,0.0,0.0,dimensionless,saved_EOS_uncertainty_per_compound
I-42d,X1X2Y2Z2,HfW_Os2_Sb2,gamma,,1.7364246622741135,1.5288953736863309,1.5288953736863309,,,,,0.0,0.0,dimensionless,saved_EOS_uncertainty_per_compound
I-42d,X1X2Y2Z2,HfW_Ru2_As2,gamma,,2.430087562513568,1.136732706462249,1.136732706462249,,,,,0.0,0.0,dimensionless,saved_EOS_uncertainty_per_compound
I-42d,X1X2Y2Z2,HfW_Ru2_Sb2,gamma,,2.9792991809923564,1.5583286781230774,1.5583286781230774,,,,,0.0,0.0,dimensionless,saved_EOS_uncertainty_per_compound
I-42d,X1X2Y2Z2,ScNb_Co2_As2,gamma,,2.5442869413202707,0.22359722693827605,0.22359722693827605,,,,,0.0,0.0,dimensionless,saved_EOS_uncertainty_per_compound
I-42d,X1X2Y2Z2,ScNb_Co2_Sb2,gamma,,2.934328111868632,1.0388171562116315,1.0388171562116315,,,,,0.0,0.0,dimensionless,saved_EOS_uncertainty_per_compound
I-42d,X1X2Y2Z2,ScNb_Cu2_Ga2,gamma,,1.4288161739448282,0.6679570122530125,0.6679570122530125,,,,,0.0,0.0,dimensionless,saved_EOS_uncertainty_per_compound
I-42d,X1X2Y2Z2,ScNb_Ir2_As2,gamma,,2.2643112006654116,1.1714213021242186,1.1714213021242186,,,,,0.0,0.0,dimensionless,saved_EOS_uncertainty_per_compound
I-42d,X1X2Y2Z2,ScNb_Ir2_Bi2,gamma,,2.1380589225584874,2.0912291903571996,2.0912291903571996,,,,,0.0,0.0,dimensionless,saved_EOS_uncertainty_per_compound
I-42d,X1X2Y2Z2,ScNb_Ir2_Sb2,gamma,,2.9051530237244445,1.7668700313371406,1.7668700313371406,,,,,0.0,0.0,dimensionless,saved_EOS_uncertainty_per_compound
I-42d,X1X2Y2Z2,ScNb_Ni2_Ge2,gamma,,1.997202665378986,0.5971214218425642,0.5971214218425642,,,,,0.0,0.0,dimensionless,saved_EOS_uncertainty_per_compound
I-42d,X1X2Y2Z2,ScNb_Ni2_Sn2,gamma,,1.5730521842901313,0.6929146750907248,0.6929146750907248,,,,,0.0,0.0,dimensionless,saved_EOS_uncertainty_per_compound
I-42d,X1X2Y2Z2,ScNb_Pt2_Ge2,gamma,,2.662726517123294,1.5428018294492414,1.5428018294492414,,,,,0.0,0.0,dimensionless,saved_EOS_uncertainty_per_compound
I-42d,X1X2Y2Z2,ScNb_Rh2_Sb2,gamma,,4.503104873784913,1.4088662900179734,1.4088662900179734,,,,,0.0,0.0,dimensionless,saved_EOS_uncertainty_per_compound
I-42d,X1X2Y2Z2,ScTa_Co2_As2,gamma,,2.0648294262134326,0.6528025029363648,0.6528025029363648,,,,,0.0,0.0,dimensionless,saved_EOS_uncertainty_per_compound
I-42d,X1X2Y2Z2,ScTa_Co2_Sb2,gamma,,2.2622004670621663,0.7120377933941567,0.7120377933941567,,,,,0.0,0.0,dimensionless,saved_EOS_uncertainty_per_compound
I-42d,X1X2Y2Z2,ScTa_Ir2_As2,gamma,,2.3983676058010728,1.2312744677206662,1.2312744677206662,,,,,0.0,0.0,dimensionless,saved_EOS_uncertainty_per_compound
I-42d,X1X2Y2Z2,ScTa_Ir2_Sb2,gamma,,1.992080539591448,1.1199175372985182,1.1199175372985182,,,,,0.0,0.0,dimensionless,saved_EOS_uncertainty_per_compound
I-42d,X1X2Y2Z2,ScTa_Ni2_Ge2,gamma,,2.4137346667730384,0.6396117379957393,0.6396117379957393,,,,,0.0,0.0,dimensionless,saved_EOS_uncertainty_per_compound
I-42d,X1X2Y2Z2,ScTa_Ni2_Sn2,gamma,,2.5183580976699025,1.2898083768396074,1.2898083768396074,,,,,0.0,0.0,dimensionless,saved_EOS_uncertainty_per_compound
I-42d,X1X2Y2Z2,ScTa_Rh2_As2,gamma,,2.193557101884734,0.7098228436559507,0.7098228436559507,,,,,0.0,0.0,dimensionless,saved_EOS_uncertainty_per_compound
I-42d,X1X2Y2Z2,ScV_Co2_As2,gamma,,1.6244177782342883,0.6528729462821801,0.6528729462821801,,,,,0.0,0.0,dimensionless,saved_EOS_uncertainty_per_compound
I-42d,X1X2Y2Z2,ScV_Co2_Sb2,gamma,,1.6208613485940877,1.0719386102208042,1.0719386102208042,,,,,0.0,0.0,dimensionless,saved_EOS_uncertainty_per_compound
I-42d,X1X2Y2Z2,ScV_Ni2_Ge2,gamma,,1.5498948305203715,0.5152675668580695,0.5152675668580695,,,,,0.0,0.0,dimensionless,saved_EOS_uncertainty_per_compound
I-42d,X1X2Y2Z2,ScV_Ni2_Sn2,gamma,,1.9446784179410126,0.5910610806812115,0.5910610806812115,,,,,0.0,0.0,dimensionless,saved_EOS_uncertainty_per_compound
I-42d,X1X2Y2Z2,ScV_Pt2_Ge2,gamma,,2.393930441846024,0.737487295655865,0.737487295655865,,,,,0.0,0.0,dimensionless,saved_EOS_uncertainty_per_compound
I-42d,X1X2Y2Z2,ScV_Rh2_As2,gamma,,0.8373821805299805,0.6679927757714851,0.6679927757714851,,,,,0.0,0.0,dimensionless,saved_EOS_uncertainty_per_compound
I-42d,X1X2Y2Z2,ScV_Rh2_Bi2,gamma,,2.2169278142136313,1.2390233789184704,1.2390233789184704,,,,,0.0,0.0,dimensionless,saved_EOS_uncertainty_per_compound
I-42d,X1X2Y2Z2,TiCr_Co2_Ge2,gamma,,1.6962385040430832,0.34860002411836466,0.34860002411836466,,,,,0.0,0.0,dimensionless,saved_EOS_uncertainty_per_compound
I-42d,X1X2Y2Z2,TiCr_Ir2_Sn2,gamma,,1.6654859137944409,1.4821770905351608,1.4821770905351608,,,,,0.0,0.0,dimensionless,saved_EOS_uncertainty_per_compound
I-42d,X1X2Y2Z2,TiMo_Co2_Ge2,gamma,,1.7024720371562079,0.45111034808099254,0.45111034808099254,,,,,0.0,0.0,dimensionless,saved_EOS_uncertainty_per_compound
I-42d,X1X2Y2Z2,TiMo_Fe2_As2,gamma,,2.1696141416622026,0.6072591822698727,0.6072591822698727,,,,,0.0,0.0,dimensionless,saved_EOS_uncertainty_per_compound
I-42d,X1X2Y2Z2,TiMo_Fe2_Sb2,gamma,,1.9088325569714748,1.1748521058967325,1.1748521058967325,,,,,0.0,0.0,dimensionless,saved_EOS_uncertainty_per_compound
I-42d,X1X2Y2Z2,TiMo_Ir2_Ge2,gamma,,1.529377500333491,0.8025429323170906,0.8025429323170906,,,,,0.0,0.0,dimensionless,saved_EOS_uncertainty_per_compound
I-42d,X1X2Y2Z2,TiMo_Ni2_Ga2,gamma,,1.57620017299888,0.45717233590212397,0.45717233590212397,,,,,0.0,0.0,dimensionless,saved_EOS_uncertainty_per_compound
I-42d,X1X2Y2Z2,TiMo_Os2_Sb2,gamma,,2.9680895926923214,1.6858011442626257,1.6858011442626257,,,,,0.0,0.0,dimensionless,saved_EOS_uncertainty_per_compound
I-42d,X1X2Y2Z2,TiMo_Pt2_Ga2,gamma,,1.6011557441325242,0.8670958133845246,0.8670958133845246,,,,,0.0,0.0,dimensionless,saved_EOS_uncertainty_per_compound
I-42d,X1X2Y2Z2,TiMo_Rh2_Ge2,gamma,,1.4857077584439295,0.42741998559370586,0.42741998559370586,,,,,0.0,0.0,dimensionless,saved_EOS_uncertainty_per_compound
I-42d,X1X2Y2Z2,TiMo_Rh2_Sn2,gamma,,2.6799742395151385,1.0570914706494015,1.0570914706494015,,,,,0.0,0.0,dimensionless,saved_EOS_uncertainty_per_compound
I-42d,X1X2Y2Z2,TiMo_Ru2_As2,gamma,,2.159007691711418,0.3842664645345977,0.3842664645345977,,,,,0.0,0.0,dimensionless,saved_EOS_uncertainty_per_compound
I-42d,X1X2Y2Z2,TiMo_Ru2_Sb2,gamma,,3.5265982330037344,1.2823091709094463,1.2823091709094463,,,,,0.0,0.0,dimensionless,saved_EOS_uncertainty_per_compound
I-42d,X1X2Y2Z2,TiW_Co2_Ge2,gamma,,2.042387167948894,0.48910035929318585,0.48910035929318585,,,,,0.0,0.0,dimensionless,saved_EOS_uncertainty_per_compound
I-42d,X1X2Y2Z2,TiW_Co2_Sn2,gamma,,2.4123437581388356,0.9814376052406014,0.9814376052406014,,,,,0.0,0.0,dimensionless,saved_EOS_uncertainty_per_compound
I-42d,X1X2Y2Z2,TiW_Fe2_As2,gamma,,2.3594775984630503,0.3203379507813543,0.3203379507813543,,,,,0.0,0.0,dimensionless,saved_EOS_uncertainty_per_compound
I-42d,X1X2Y2Z2,TiW_Fe2_Sb2,gamma,,2.956111840934876,1.4211010830947932,1.4211010830947932,,,,,0.0,0.0,dimensionless,saved_EOS_uncertainty_per_compound
I-42d,X1X2Y2Z2,TiW_Ir2_Ge2,gamma,,2.439003443270491,0.7286137238161929,0.7286137238161929,,,,,0.0,0.0,dimensionless,saved_EOS_uncertainty_per_compound
I-42d,X1X2Y2Z2,TiW_Ir2_Sn2,gamma,,2.3285809378615534,1.5736497435658559,1.5736497435658559,,,,,0.0,0.0,dimensionless,saved_EOS_uncertainty_per_compound
I-42d,X1X2Y2Z2,TiW_Os2_Sb2,gamma,,2.9729669764693694,1.30901458757324,1.30901458757324,,,,,0.0,0.0,dimensionless,saved_EOS_uncertainty_per_compound
I-42d,X1X2Y2Z2,TiW_Pt2_Ga2,gamma,,2.4592487435185606,1.3185283152298182,1.3185283152298182,,,,,0.0,0.0,dimensionless,saved_EOS_uncertainty_per_compound
I-42d,X1X2Y2Z2,TiW_Rh2_Ge2,gamma,,1.9803404947551957,0.6720028526202525,0.6720028526202525,,,,,0.0,0.0,dimensionless,saved_EOS_uncertainty_per_compound
I-42d,X1X2Y2Z2,TiW_Ru2_As2,gamma,,2.091190262683388,1.0872017474226592,1.0872017474226592,,,,,0.0,0.0,dimensionless,saved_EOS_uncertainty_per_compound
I-42d,X1X2Y2Z2,YNb_Co2_Sb2,gamma,,1.8834004671737639,1.082900470448787,1.082900470448787,,,,,0.0,0.0,dimensionless,saved_EOS_uncertainty_per_compound
I-42d,X1X2Y2Z2,YNb_Ni2_Ge2,gamma,,1.9704594018854409,0.559760833014374,0.559760833014374,,,,,0.0,0.0,dimensionless,saved_EOS_uncertainty_per_compound
I-42d,X1X2Y2Z2,YNb_Ni2_Sn2,gamma,,2.4680874928598415,0.6376650785624143,0.6376650785624143,,,,,0.0,0.0,dimensionless,saved_EOS_uncertainty_per_compound
I-42d,X1X2Y2Z2,YNb_Pd2_Ge2,gamma,,2.399109154721495,1.348247418355702,1.348247418355702,,,,,0.0,0.0,dimensionless,saved_EOS_uncertainty_per_compound
I-42d,X1X2Y2Z2,YNb_Pt2_Sn2,gamma,,3.805587134672932,1.8429714818087148,1.8429714818087148,,,,,0.0,0.0,dimensionless,saved_EOS_uncertainty_per_compound
I-42d,X1X2Y2Z2,YNb_Rh2_As2,gamma,,2.365056486792575,1.880586691121772,1.880586691121772,,,,,0.0,0.0,dimensionless,saved_EOS_uncertainty_per_compound
I-42d,X1X2Y2Z2,YTa_Ni2_Ge2,gamma,,1.5968784580476072,0.39221268017333866,0.39221268017333866,,,,,0.0,0.0,dimensionless,saved_EOS_uncertainty_per_compound
I-42d,X1X2Y2Z2,YTa_Ni2_Sn2,gamma,,2.6716785941091183,1.581499469307453,1.581499469307453,,,,,0.0,0.0,dimensionless,saved_EOS_uncertainty_per_compound
I-42d,X1X2Y2Z2,YTa_Pd2_Sn2,gamma,,2.475877475685975,1.5856566349980679,1.5856566349980679,,,,,0.0,0.0,dimensionless,saved_EOS_uncertainty_per_compound
I-42d,X1X2Y2Z2,YTa_Pt2_Sn2,gamma,,3.0271823931114215,2.644716340777959,2.644716340777959,,,,,0.0,0.0,dimensionless,saved_EOS_uncertainty_per_compound
I-42d,X1X2Y2Z2,YTa_Rh2_As2,gamma,,3.2104589526294247,2.046138990760185,2.046138990760185,,,,,0.0,0.0,dimensionless,saved_EOS_uncertainty_per_compound
I-42d,X1X2Y2Z2,YV_Co2_Sb2,gamma,,2.1019390488413454,0.5746954058435948,0.5746954058435948,,,,,0.0,0.0,dimensionless,saved_EOS_uncertainty_per_compound
I-42d,X1X2Y2Z2,YV_Pt2_Ge2,gamma,,3.702088575165167,1.4633469294964465,1.4633469294964465,,,,,0.0,0.0,dimensionless,saved_EOS_uncertainty_per_compound
I-42d,X1X2Y2Z2,YV_Rh2_As2,gamma,,2.313430247267781,0.8441253851210923,0.8441253851210923,,,,,0.0,0.0,dimensionless,saved_EOS_uncertainty_per_compound
I-42d,X1X2Y2Z2,ZrCr_Co2_Ge2,gamma,,2.364291947394834,0.3452947312084212,0.3452947312084212,,,,,0.0,0.0,dimensionless,saved_EOS_uncertainty_per_compound
I-42d,X1X2Y2Z2,ZrCr_Ir2_Ge2,gamma,,2.783236584065778,0.5711588490520905,0.5711588490520905,,,,,0.0,0.0,dimensionless,saved_EOS_uncertainty_per_compound
I-42d,X1X2Y2Z2,ZrCr_Ru2_Sb2,gamma,,3.9516847152361323,1.101798739951777,1.101798739951777,,,,,0.0,0.0,dimensionless,saved_EOS_uncertainty_per_compound
I-42d,X1X2Y2Z2,ZrMo_Co2_Ge2,gamma,,2.043109017782022,0.7155957293584747,0.7155957293584747,,,,,0.0,0.0,dimensionless,saved_EOS_uncertainty_per_compound
I-42d,X1X2Y2Z2,ZrMo_Fe2_Sb2,gamma,,2.2617200739151166,0.704734708155568,0.704734708155568,,,,,0.0,0.0,dimensionless,saved_EOS_uncertainty_per_compound
I-42d,X1X2Y2Z2,ZrMo_Ir2_Ge2,gamma,,1.4615294608157263,0.5162186938503575,0.5162186938503575,,,,,0.0,0.0,dimensionless,saved_EOS_uncertainty_per_compound
I-42d,X1X2Y2Z2,ZrMo_Ni2_Ga2,gamma,,1.5880923168228014,0.44133519530280624,0.44133519530280624,,,,,0.0,0.0,dimensionless,saved_EOS_uncertainty_per_compound
I-42d,X1X2Y2Z2,ZrMo_Rh2_Ge2,gamma,,2.033232435040809,0.6929970533855285,0.6929970533855285,,,,,0.0,0.0,dimensionless,saved_EOS_uncertainty_per_compound
I-42d,X1X2Y2Z2,ZrMo_Rh2_Sn2,gamma,,2.2350428787829086,1.6422971568676508,1.6422971568676508,,,,,0.0,0.0,dimensionless,saved_EOS_uncertainty_per_compound
I-42d,X1X2Y2Z2,ZrMo_Ru2_As2,gamma,,1.6649093642907382,0.7879449605073507,0.7879449605073507,,,,,0.0,0.0,dimensionless,saved_EOS_uncertainty_per_compound
I-42d,X1X2Y2Z2,ZrW_Co2_Ge2,gamma,,2.677316972058921,0.44083867752592254,0.44083867752592254,,,,,0.0,0.0,dimensionless,saved_EOS_uncertainty_per_compound
I-42d,X1X2Y2Z2,ZrW_Ir2_Sn2,gamma,,2.8505185872312775,2.548657871381806,2.548657871381806,,,,,0.0,0.0,dimensionless,saved_EOS_uncertainty_per_compound
I-42d,X1X2Y2Z2,ZrW_Os2_Sb2,gamma,,2.54807809087845,0.8583986597555422,0.8583986597555422,,,,,0.0,0.0,dimensionless,saved_EOS_uncertainty_per_compound
I-42d,X2Y1Y2Z2,Hf2_CoCu_Ge2,gamma,,2.1373582160931743,0.24022264793292608,0.24022264793292608,,,,,0.0,0.0,dimensionless,saved_EOS_uncertainty_per_compound
I-42d,X2Y1Y2Z2,Hf2_FeNi_As2,gamma,,1.479345828510425,0.9057697365577015,0.9057697365577015,,,,,0.0,0.0,dimensionless,saved_EOS_uncertainty_per_compound
I-42d,X2Y1Y2Z2,Hf2_FeNi_Bi2,gamma,,2.770256162237593,2.24691900094328,2.24691900094328,,,,,0.0,0.0,dimensionless,saved_EOS_uncertainty_per_compound
I-42d,X2Y1Y2Z2,Hf2_FeNi_Sb2,gamma,,1.802059303799113,1.055420196069764,1.055420196069764,,,,,0.0,0.0,dimensionless,saved_EOS_uncertainty_per_compound
I-42d,X2Y1Y2Z2,Hf2_FePd_Bi2,gamma,,0.6538942136630753,0.6814241861617992,0.6814241861617992,,,,,0.0,0.0,dimensionless,saved_EOS_uncertainty_per_compound
I-42d,X2Y1Y2Z2,Hf2_OsNi_As2,gamma,,3.1979410007144073,1.7919815592937929,1.7919815592937929,,,,,0.0,0.0,dimensionless,saved_EOS_uncertainty_per_compound
I-42d,X2Y1Y2Z2,Hf2_OsPd_As2,gamma,,3.1523199904559904,0.9492970021764645,0.9492970021764645,,,,,0.0,0.0,dimensionless,saved_EOS_uncertainty_per_compound
I-42d,X2Y1Y2Z2,Hf2_OsPd_Sb2,gamma,,3.8108682858369627,1.6910099990431553,1.6910099990431553,,,,,0.0,0.0,dimensionless,saved_EOS_uncertainty_per_compound
I-42d,X2Y1Y2Z2,Hf2_RhAu_Sn2,gamma,,2.435382619441506,1.26387834505642,1.26387834505642,,,,,0.0,0.0,dimensionless,saved_EOS_uncertainty_per_compound
I-42d,X2Y1Y2Z2,Hf2_RhCu_Ge2,gamma,,1.9707557391827173,1.311323046638395,1.311323046638395,,,,,0.0,0.0,dimensionless,saved_EOS_uncertainty_per_compound
I-42d,X2Y1Y2Z2,Hf2_RuNi_As2,gamma,,1.9650404738560066,1.2786533450044562,1.2786533450044562,,,,,0.0,0.0,dimensionless,saved_EOS_uncertainty_per_compound
I-42d,X2Y1Y2Z2,Hf2_RuNi_Bi2,gamma,,1.6203874570763925,1.2674999175891672,1.2674999175891672,,,,,0.0,0.0,dimensionless,saved_EOS_uncertainty_per_compound
I-42d,X2Y1Y2Z2,Hf2_RuNi_Sb2,gamma,,3.9417356908379744,1.5843406520846754,1.5843406520846754,,,,,0.0,0.0,dimensionless,saved_EOS_uncertainty_per_compound
I-42d,X2Y1Y2Z2,Hf2_RuPd_As2,gamma,,3.3268492871353166,1.0129114313027505,1.0129114313027505,,,,,0.0,0.0,dimensionless,saved_EOS_uncertainty_per_compound
I-42d,X2Y1Y2Z2,Hf2_RuPt_As2,gamma,,2.8900197067740416,1.8820117021623057,1.8820117021623057,,,,,0.0,0.0,dimensionless,saved_EOS_uncertainty_per_compound
I-42d,X2Y1Y2Z2,Nb2_CoAu_Al2,gamma,,2.8156555362575237,0.9784518486075451,0.9784518486075451,,,,,0.0,0.0,dimensionless,saved_EOS_uncertainty_per_compound
I-42d,X2Y1Y2Z2,Nb2_CoCu_Ga2,gamma,,2.0503475338193673,0.588018019575013,0.588018019575013,,,,,0.0,0.0,dimensionless,saved_EOS_uncertainty_per_compound
I-42d,X2Y1Y2Z2,Nb2_CoCu_In2,gamma,,1.5971072028276816,1.0480749644932603,1.0480749644932603,,,,,0.0,0.0,dimensionless,saved_EOS_uncertainty_per_compound
I-42d,X2Y1Y2Z2,Nb2_FeNi_Ge2,gamma,,2.202060396152645,0.5455872662777024,0.5455872662777024,,,,,0.0,0.0,dimensionless,saved_EOS_uncertainty_per_compound
I-42d,X2Y1Y2Z2,Nb2_FeNi_Sn2,gamma,,1.6343357493000095,0.805363758990923,0.805363758990923,,,,,0.0,0.0,dimensionless,saved_EOS_uncertainty_per_compound
I-42d,X2Y1Y2Z2,Nb2_FePd_Ge2,gamma,,2.5390165022550453,0.46395427388916344,0.46395427388916344,,,,,0.0,0.0,dimensionless,saved_EOS_uncertainty_per_compound
I-42d,X2Y1Y2Z2,Nb2_FePt_Ge2,gamma,,2.2897298745345847,1.037065422838191,1.037065422838191,,,,,0.0,0.0,dimensionless,saved_EOS_uncertainty_per_compound
I-42d,X2Y1Y2Z2,Nb2_FePt_Sn2,gamma,,2.9697736858285375,2.4758984415515184,2.4758984415515184,,,,,0.0,0.0,dimensionless,saved_EOS_uncertainty_per_compound
I-42d,X2Y1Y2Z2,Nb2_IrAu_In2,gamma,,4.37970602422743,2.4045475194271395,2.4045475194271395,,,,,0.0,0.0,dimensionless,saved_EOS_uncertainty_per_compound
I-42d,X2Y1Y2Z2,Nb2_OsNi_Ge2,gamma,,2.3085103387274173,0.46119026463361235,0.46119026463361235,,,,,0.0,0.0,dimensionless,saved_EOS_uncertainty_per_compound
I-42d,X2Y1Y2Z2,Nb2_OsNi_Sn2,gamma,,1.8941764465682152,1.6192287537257073,1.6192287537257073,,,,,0.0,0.0,dimensionless,saved_EOS_uncertainty_per_compound
I-42d,X2Y1Y2Z2,Nb2_OsPd_Ge2,gamma,,2.633980612662179,2.135848609904419,2.135848609904419,,,,,0.0,0.0,dimensionless,saved_EOS_uncertainty_per_compound
I-42d,X2Y1Y2Z2,Nb2_OsPd_Sn2,gamma,,2.90311726947856,0.9672783751554078,0.9672783751554078,,,,,0.0,0.0,dimensionless,saved_EOS_uncertainty_per_compound
I-42d,X2Y1Y2Z2,Nb2_OsPt_Ge2,gamma,,0.8749344956919899,0.7245385781087361,0.7245385781087361,,,,,0.0,0.0,dimensionless,saved_EOS_uncertainty_per_compound
I-42d,X2Y1Y2Z2,Nb2_RhCu_Ga2,gamma,,1.8876265711134448,0.9901483857168355,0.9901483857168355,,,,,0.0,0.0,dimensionless,saved_EOS_uncertainty_per_compound
I-42d,X2Y1Y2Z2,Nb2_RuNi_Ge2,gamma,,2.325214109571384,0.5516184085474937,0.5516184085474937,,,,,0.0,0.0,dimensionless,saved_EOS_uncertainty_per_compound
I-42d,X2Y1Y2Z2,Nb2_RuNi_Sn2,gamma,,1.9914592968454023,1.9368037942362328,1.9368037942362328,,,,,0.0,0.0,dimensionless,saved_EOS_uncertainty_per_compound
I-42d,X2Y1Y2Z2,Nb2_RuPd_Ge2,gamma,,2.5910989091751992,1.3618295678516252,1.3618295678516252,,,,,0.0,0.0,dimensionless,saved_EOS_uncertainty_per_compound
I-42d,X2Y1Y2Z2,Nb2_RuPd_Sn2,gamma,,2.4648041932924447,1.25326545431522,1.25326545431522,,,,,0.0,0.0,dimensionless,saved_EOS_uncertainty_per_compound
I-42d,X2Y1Y2Z2,Nb2_RuPt_Ge2,gamma,,2.321182118805401,1.7941975314574659,1.7941975314574659,,,,,0.0,0.0,dimensionless,saved_EOS_uncertainty_per_compound
I-42d,X2Y1Y2Z2,Sc2_CoAu_Sb2,gamma,,4.790420534729553,1.3621064529798883,1.3621064529798883,,,,,0.0,0.0,dimensionless,saved_EOS_uncertainty_per_compound
I-42d,X2Y1Y2Z2,Sc2_IrCu_Sb2,gamma,,5.155162036654677,1.5838284470161361,1.5838284470161361,,,,,0.0,0.0,dimensionless,saved_EOS_uncertainty_per_compound
I-42d,X2Y1Y2Z2,Sc2_RhAu_Bi2,gamma,,1.8653358065950143,1.547366499762233,1.547366499762233,,,,,0.0,0.0,dimensionless,saved_EOS_uncertainty_per_compound
I-42d,X2Y1Y2Z2,Sc2_RhCu_Sb2,gamma,,1.4065038753944712,0.7477336131280786,0.7477336131280786,,,,,0.0,0.0,dimensionless,saved_EOS_uncertainty_per_compound
I-42d,X2Y1Y2Z2,Ta2_FeNi_Ge2,gamma,,1.8771293331456487,0.8022841257153824,0.8022841257153824,,,,,0.0,0.0,dimensionless,saved_EOS_uncertainty_per_compound
I-42d,X2Y1Y2Z2,Ta2_FeNi_Sn2,gamma,,1.1576215580701796,0.667963392014075,0.667963392014075,,,,,0.0,0.0,dimensionless,saved_EOS_uncertainty_per_compound
I-42d,X2Y1Y2Z2,Ta2_FePd_Sn2,gamma,,2.1323743542786295,1.4038199727737528,1.4038199727737528,,,,,0.0,0.0,dimensionless,saved_EOS_uncertainty_per_compound
I-42d,X2Y1Y2Z2,Ta2_FePt_Ge2,gamma,,3.0527448784505817,0.4073699259177145,0.4073699259177145,,,,,0.0,0.0,dimensionless,saved_EOS_uncertainty_per_compound
I-42d,X2Y1Y2Z2,Ta2_IrAu_Al2,gamma,,0.7213233657330359,0.7795719584364729,0.7795719584364729,,,,,0.0,0.0,dimensionless,saved_EOS_uncertainty_per_compound
I-42d,X2Y1Y2Z2,Ta2_OsNi_Ge2,gamma,,2.4662684322156023,1.2980268879598427,1.2980268879598427,,,,,0.0,0.0,dimensionless,saved_EOS_uncertainty_per_compound
I-42d,X2Y1Y2Z2,Ta2_OsPt_Ge2,gamma,,3.9922352269560095,1.1400299993087741,1.1400299993087741,,,,,0.0,0.0,dimensionless,saved_EOS_uncertainty_per_compound
I-42d,X2Y1Y2Z2,Ta2_RhAu_Ga2,gamma,,2.2118319704174914,1.6747820356553846,1.6747820356553846,,,,,0.0,0.0,dimensionless,saved_EOS_uncertainty_per_compound
I-42d,X2Y1Y2Z2,Ta2_RuNi_Ge2,gamma,,1.4037119476892932,0.9548919042862608,0.9548919042862608,,,,,0.0,0.0,dimensionless,saved_EOS_uncertainty_per_compound
I-42d,X2Y1Y2Z2,Ta2_RuNi_Sn2,gamma,,2.028605897455002,1.4517821586974626,1.4517821586974626,,,,,0.0,0.0,dimensionless,saved_EOS_uncertainty_per_compound
I-42d,X2Y1Y2Z2,Ta2_RuPd_Ge2,gamma,,2.5279693989154346,1.0293793401742013,1.0293793401742013,,,,,0.0,0.0,dimensionless,saved_EOS_uncertainty_per_compound
I-42d,X2Y1Y2Z2,Ti2_CoAu_Ge2,gamma,,1.7531780265100836,0.9642688488342719,0.9642688488342719,,,,,0.0,0.0,dimensionless,saved_EOS_uncertainty_per_compound
I-42d,X2Y1Y2Z2,Ti2_CoAu_Sn2,gamma,,3.5515883637786225,2.1906036778195443,2.1906036778195443,,,,,0.0,0.0,dimensionless,saved_EOS_uncertainty_per_compound
I-42d,X2Y1Y2Z2,Ti2_CoCu_Sn2,gamma,,2.298542279572125,1.0034916241336005,1.0034916241336005,,,,,0.0,0.0,dimensionless,saved_EOS_uncertainty_per_compound
I-42d,X2Y1Y2Z2,Ti2_FeNi_As2,gamma,,1.7525903918252894,0.31835721840835945,0.31835721840835945,,,,,0.0,0.0,dimensionless,saved_EOS_uncertainty_per_compound
I-42d,X2Y1Y2Z2,Ti2_FePd_As2,gamma,,2.3276974351346644,0.6799351271956158,0.6799351271956158,,,,,0.0,0.0,dimensionless,saved_EOS_uncertainty_per_compound
I-42d,X2Y1Y2Z2,Ti2_FePt_As2,gamma,,2.0343078716375667,0.5836466570367043,0.5836466570367043,,,,,0.0,0.0,dimensionless,saved_EOS_uncertainty_per_compound
I-42d,X2Y1Y2Z2,Ti2_FePt_Sb2,gamma,,2.5281285583281097,1.28883145056171,1.28883145056171,,,,,0.0,0.0,dimensionless,saved_EOS_uncertainty_per_compound
I-42d,X2Y1Y2Z2,Ti2_IrAu_Ge2,gamma,,1.9818200263122894,1.859315774572172,1.859315774572172,,,,,0.0,0.0,dimensionless,saved_EOS_uncertainty_per_compound
I-42d,X2Y1Y2Z2,Ti2_IrCu_Ge2,gamma,,2.481788764737808,0.686451121550443,0.686451121550443,,,,,0.0,0.0,dimensionless,saved_EOS_uncertainty_per_compound
I-42d,X2Y1Y2Z2,Ti2_IrCu_Sn2,gamma,,2.3115826659657164,0.2175871223089245,0.2175871223089245,,,,,0.0,0.0,dimensionless,saved_EOS_uncertainty_per_compound
I-42d,X2Y1Y2Z2,Ti2_OsNi_As2,gamma,,1.797225504836701,0.713022587957893,0.713022587957893,,,,,0.0,0.0,dimensionless,saved_EOS_uncertainty_per_compound
I-42d,X2Y1Y2Z2,Ti2_OsNi_Sb2,gamma,,2.798166121581737,1.4390262784733991,1.4390262784733991,,,,,0.0,0.0,dimensionless,saved_EOS_uncertainty_per_compound
I-42d,X2Y1Y2Z2,Ti2_OsPd_As2,gamma,,2.198540005605609,0.9838383486693866,0.9838383486693866,,,,,0.0,0.0,dimensionless,saved_EOS_uncertainty_per_compound
I-42d,X2Y1Y2Z2,Ti2_OsPt_As2,gamma,,1.976255280129361,1.5119638798259694,1.5119638798259694,,,,,0.0,0.0,dimensionless,saved_EOS_uncertainty_per_compound
I-42d,X2Y1Y2Z2,Ti2_RhAu_Ge2,gamma,,1.6659945427397467,1.0078715134641325,1.0078715134641325,,,,,0.0,0.0,dimensionless,saved_EOS_uncertainty_per_compound
I-42d,X2Y1Y2Z2,Ti2_RhAu_Sn2,gamma,,2.6993485573358136,1.3090134998808391,1.3090134998808391,,,,,0.0,0.0,dimensionless,saved_EOS_uncertainty_per_compound
I-42d,X2Y1Y2Z2,Ti2_RhCu_Ge2,gamma,,2.2661157833267027,1.2289985422903678,1.2289985422903678,,,,,0.0,0.0,dimensionless,saved_EOS_uncertainty_per_compound
I-42d,X2Y1Y2Z2,Ti2_RuNi_As2,gamma,,1.6914508820675713,0.6200505825477717,0.6200505825477717,,,,,0.0,0.0,dimensionless,saved_EOS_uncertainty_per_compound
I-42d,X2Y1Y2Z2,Ti2_RuNi_Sb2,gamma,,2.7213848023118246,0.8610385641380155,0.8610385641380155,,,,,0.0,0.0,dimensionless,saved_EOS_uncertainty_per_compound
I-42d,X2Y1Y2Z2,Ti2_RuPd_As2,gamma,,1.3234211847484154,0.8025912361536166,0.8025912361536166,,,,,0.0,0.0,dimensionless,saved_EOS_uncertainty_per_compound
I-42d,X2Y1Y2Z2,Ti2_RuPd_Sb2,gamma,,3.368274098350388,0.9445452579418456,0.9445452579418456,,,,,0.0,0.0,dimensionless,saved_EOS_uncertainty_per_compound
I-42d,X2Y1Y2Z2,Ti2_RuPt_As2,gamma,,1.688198732872999,0.752312576705756,0.752312576705756,,,,,0.0,0.0,dimensionless,saved_EOS_uncertainty_per_compound
I-42d,X2Y1Y2Z2,V2_FeNi_Ge2,gamma,,2.0284826102727003,0.6023945435731697,0.6023945435731697,,,,,0.0,0.0,dimensionless,saved_EOS_uncertainty_per_compound
I-42d,X2Y1Y2Z2,V2_FePd_Ge2,gamma,,1.8321590067567595,0.3880678514525171,0.3880678514525171,,,,,0.0,0.0,dimensionless,saved_EOS_uncertainty_per_compound
I-42d,X2Y1Y2Z2,V2_FePt_Ge2,gamma,,1.4050321038792646,0.6886211258057741,0.6886211258057741,,,,,0.0,0.0,dimensionless,saved_EOS_uncertainty_per_compound
I-42d,X2Y1Y2Z2,V2_OsNi_Ge2,gamma,,1.4753744078009836,0.4321121781572849,0.4321121781572849,,,,,0.0,0.0,dimensionless,saved_EOS_uncertainty_per_compound
I-42d,X2Y1Y2Z2,V2_OsPd_Ge2,gamma,,2.011181599008451,0.12130278738169062,0.12130278738169062,,,,,0.0,0.0,dimensionless,saved_EOS_uncertainty_per_compound
I-42d,X2Y1Y2Z2,V2_OsPt_Ge2,gamma,,2.0656984101580855,1.386398600744057,1.386398600744057,,,,,0.0,0.0,dimensionless,saved_EOS_uncertainty_per_compound
I-42d,X2Y1Y2Z2,V2_RuNi_Ge2,gamma,,1.2628070471035,0.6769294070632725,0.6769294070632725,,,,,0.0,0.0,dimensionless,saved_EOS_uncertainty_per_compound
I-42d,X2Y1Y2Z2,V2_RuNi_Sn2,gamma,,1.9817308303971934,0.33415634543378314,0.33415634543378314,,,,,0.0,0.0,dimensionless,saved_EOS_uncertainty_per_compound
I-42d,X2Y1Y2Z2,V2_RuPd_Ge2,gamma,,1.394845799958516,0.4455201946733589,0.4455201946733589,,,,,0.0,0.0,dimensionless,saved_EOS_uncertainty_per_compound
I-42d,X2Y1Y2Z2,V2_RuPt_Ge2,gamma,,1.883776135861656,1.498085854206821,1.498085854206821,,,,,0.0,0.0,dimensionless,saved_EOS_uncertainty_per_compound
I-42d,X2Y1Y2Z2,Y2_CoAu_Sb2,gamma,,5.226942480324091,0.9617419438062947,0.9617419438062947,,,,,0.0,0.0,dimensionless,saved_EOS_uncertainty_per_compound
I-42d,X2Y1Y2Z2,Zr2_CoAu_Ge2,gamma,,2.6451296934128274,1.5405247503726882,1.5405247503726882,,,,,0.0,0.0,dimensionless,saved_EOS_uncertainty_per_compound
I-42d,X2Y1Y2Z2,Zr2_CoCu_Ge2,gamma,,2.3970815225225692,0.8280613102312622,0.8280613102312622,,,,,0.0,0.0,dimensionless,saved_EOS_uncertainty_per_compound
I-42d,X2Y1Y2Z2,Zr2_CoCu_Sn2,gamma,,2.463552924787002,0.887172099031873,0.887172099031873,,,,,0.0,0.0,dimensionless,saved_EOS_uncertainty_per_compound
I-42d,X2Y1Y2Z2,Zr2_FeNi_Sb2,gamma,,2.015712266359708,0.6769851672334309,0.6769851672334309,,,,,0.0,0.0,dimensionless,saved_EOS_uncertainty_per_compound
I-42d,X2Y1Y2Z2,Zr2_IrAu_Ge2,gamma,,2.745253354354511,0.3860643427286771,0.3860643427286771,,,,,0.0,0.0,dimensionless,saved_EOS_uncertainty_per_compound
I-42d,X2Y1Y2Z2,Zr2_IrCu_Sn2,gamma,,3.457720255951672,1.5757024890488136,1.5757024890488136,,,,,0.0,0.0,dimensionless,saved_EOS_uncertainty_per_compound
I-42d,X2Y1Y2Z2,Zr2_OsNi_Sb2,gamma,,4.9743805857509376,1.8805246071073525,1.8805246071073525,,,,,0.0,0.0,dimensionless,saved_EOS_uncertainty_per_compound
I-42d,X2Y1Y2Z2,Zr2_RhCu_Ge2,gamma,,1.93112082358473,0.891930447663594,0.891930447663594,,,,,0.0,0.0,dimensionless,saved_EOS_uncertainty_per_compound
I-42d,X2Y1Y2Z2,Zr2_RuNi_As2,gamma,,2.7164898954850227,0.4325419715652453,0.4325419715652453,,,,,0.0,0.0,dimensionless,saved_EOS_uncertainty_per_compound
I-42d,X2Y1Y2Z2,Zr2_RuNi_Sb2,gamma,,1.844767794913015,1.0800567985598586,1.0800567985598586,,,,,0.0,0.0,dimensionless,saved_EOS_uncertainty_per_compound
I-42d,X2Y1Y2Z2,Zr2_RuPd_As2,gamma,,2.702938891826965,1.8290909539241471,1.8290909539241471,,,,,0.0,0.0,dimensionless,saved_EOS_uncertainty_per_compound
I-42d,X2Y1Y2Z2,Zr2_RuPt_As2,gamma,,2.3906267200899323,1.853026609341309,1.853026609341309,,,,,0.0,0.0,dimensionless,saved_EOS_uncertainty_per_compound
I-42d,X2Y1Y2Z2,Zr2_RuPt_Sb2,gamma,,3.2969454344199844,0.8023626129057029,0.8023626129057029,,,,,0.0,0.0,dimensionless,saved_EOS_uncertainty_per_compound
Pmn21,X2Y2Z1Z2,Hf2_Ni2_AlSb,gamma,,2.3900099481050505,0.3724915732887445,0.3724915732887445,,,,,0.0,0.0,dimensionless,saved_EOS_uncertainty_per_compound
Pmn21,X2Y2Z1Z2,Hf2_Ni2_GaAs,gamma,,1.0277450562527033,0.6680375148460594,0.6680375148460594,,,,,0.0,0.0,dimensionless,saved_EOS_uncertainty_per_compound
Pmn21,X2Y2Z1Z2,Hf2_Ni2_GaSb,gamma,,0.859780324403582,0.6669071297729181,0.6669071297729181,,,,,0.0,0.0,dimensionless,saved_EOS_uncertainty_per_compound
Pmn21,X2Y2Z1Z2,Hf2_Pt2_AlSb,gamma,,3.8084518442596718,2.368312632652813,2.368312632652813,,,,,0.0,0.0,dimensionless,saved_EOS_uncertainty_per_compound
Pmn21,X2Y2Z1Z2,Nb2_Rh2_GaAs,gamma,,2.2696930914389712,0.4153823761550949,0.4153823761550949,,,,,0.0,0.0,dimensionless,saved_EOS_uncertainty_per_compound
Pmn21,X2Y2Z1Z2,Nb2_Rh2_GaSb,gamma,,3.0211003200676076,1.280336367294331,1.280336367294331,,,,,0.0,0.0,dimensionless,saved_EOS_uncertainty_per_compound
Pmn21,X2Y2Z1Z2,Sc2_Cu2_GaBi,gamma,,1.3644046775709076,0.807647328238686,0.807647328238686,,,,,0.0,0.0,dimensionless,saved_EOS_uncertainty_per_compound
Pmn21,X2Y2Z1Z2,Sc2_Cu2_GaSb,gamma,,2.21151303927456,1.5417921732985695,1.5417921732985695,,,,,0.0,0.0,dimensionless,saved_EOS_uncertainty_per_compound
Pmn21,X2Y2Z1Z2,Ti2_Ni2_AlAs,gamma,,1.0990168554673296,0.8139911538470325,0.8139911538470325,,,,,0.0,0.0,dimensionless,saved_EOS_uncertainty_per_compound
Pmn21,X2Y2Z1Z2,Ti2_Pd2_AlSb,gamma,,1.2991283782026808,0.7249631637731918,0.7249631637731918,,,,,0.0,0.0,dimensionless,saved_EOS_uncertainty_per_compound
Pmn21,X2Y2Z1Z2,Ti2_Pd2_GaSb,gamma,,2.266852736876939,0.81087879109954,0.81087879109954,,,,,0.0,0.0,dimensionless,saved_EOS_uncertainty_per_compound
Pmn21,X2Y2Z1Z2,Zr2_Ni2_AlAs,gamma,,1.6906619824185547,0.5612469800092331,0.5612469800092331,,,,,0.0,0.0,dimensionless,saved_EOS_uncertainty_per_compound
Pmn21,X2Y2Z1Z2,Zr2_Ni2_AlBi,gamma,,2.248668637030009,1.6485755748277298,1.6485755748277298,,,,,0.0,0.0,dimensionless,saved_EOS_uncertainty_per_compound
Pmn21,X2Y2Z1Z2,Zr2_Ni2_AlSb,gamma,,1.7729504411487365,0.9323306549240524,0.9323306549240524,,,,,0.0,0.0,dimensionless,saved_EOS_uncertainty_per_compound
Pmn21,X2Y2Z1Z2,Zr2_Ni2_GaAs,gamma,,1.9324701873538046,0.5406883676131125,0.5406883676131125,,,,,0.0,0.0,dimensionless,saved_EOS_uncertainty_per_compound
Pmn21,X2Y2Z1Z2,Zr2_Ni2_GaBi,gamma,,3.4627535965074356,1.0919529436649298,1.0919529436649298,,,,,0.0,0.0,dimensionless,saved_EOS_uncertainty_per_compound
Pmn21,X2Y2Z1Z2,Zr2_Ni2_GaSb,gamma,,1.2365201756168858,0.9908942848437106,0.9908942848437106,,,,,0.0,0.0,dimensionless,saved_EOS_uncertainty_per_compound
Pmn21,X2Y2Z1Z2,Zr2_Pd2_InSb,gamma,,4.32429170654123,1.8142629438891718,1.8142629438891718,,,,,0.0,0.0,dimensionless,saved_EOS_uncertainty_per_compound
Pmn21,X2Y2Z1Z2,Zr2_Pt2_GaAs,gamma,,2.2158771282895118,1.3977984266125114,1.3977984266125114,,,,,0.0,0.0,dimensionless,saved_EOS_uncertainty_per_compound
I-42d,X1X2Y2Z2,HfCr_Co2_Ge2,kappa_slack,,4.389715648492373,6.13256526230818,6.13256526230818,,,,,0.0,0.0,W/mK,saved_uncertainty
I-42d,X1X2Y2Z2,HfCr_Ir2_Ge2,kappa_slack,,1.431282629160001,1.525890927028968,1.525890927028968,,,,,0.0,0.0,W/mK,saved_uncertainty
I-42d,X1X2Y2Z2,HfMo_Co2_Ge2,kappa_slack,,2.238589323819886,2.053644941153732,2.053644941153732,,,,,0.0,0.0,W/mK,saved_uncertainty
I-42d,X1X2Y2Z2,HfMo_Co2_Sn2,kappa_slack,,2.0383424734823516,1.9684161935670534,1.9684161935670534,,,,,0.0,0.0,W/mK,saved_uncertainty
I-42d,X1X2Y2Z2,HfMo_Fe2_Sb2,kappa_slack,,5.125407808178228,7.560647238670536,7.560647238670536,,,,,0.0,0.0,W/mK,saved_uncertainty
I-42d,X1X2Y2Z2,HfMo_Ir2_Ge2,kappa_slack,,1.7856893906812155,1.9342085730798548,1.9342085730798548,,,,,0.0,0.0,W/mK,saved_uncertainty
I-42d,X1X2Y2Z2,HfMo_Ni2_Ga2,kappa_slack,,2.7897649266393914,3.0887261064283225,3.0887261064283225,,,,,0.0,0.0,W/mK,saved_uncertainty
I-42d,X1X2Y2Z2,HfMo_Os2_Sb2,kappa_slack,,1.5865940061967774,1.4918496186125196,1.4918496186125196,,,,,0.0,0.0,W/mK,saved_uncertainty
I-42d,X1X2Y2Z2,HfMo_Pt2_Ga2,kappa_slack,,1.7021792001958211,1.8534332644674132,1.8534332644674132,,,,,0.0,0.0,W/mK,saved_uncertainty
I-42d,X1X2Y2Z2,HfMo_Rh2_Ge2,kappa_slack,,2.2976467008149646,2.5501046246153654,2.5501046246153654,,,,,0.0,0.0,W/mK,saved_uncertainty
I-42d,X1X2Y2Z2,HfMo_Rh2_Sn2,kappa_slack,,3.114960535636411,4.037922388241384,4.037922388241384,,,,,0.0,0.0,W/mK,saved_uncertainty
I-42d,X1X2Y2Z2,HfMo_Ru2_As2,kappa_slack,,1.6669249927890173,1.7522778288633938,1.7522778288633938,,,,,0.0,0.0,W/mK,saved_uncertainty
I-42d,X1X2Y2Z2,HfW_Co2_Ge2,kappa_slack,,2.2804108774621556,2.159775010085294,2.159775010085294,,,,,0.0,0.0,W/mK,saved_uncertainty
I-42d,X1X2Y2Z2,HfW_Co2_Sn2,kappa_slack,,3.3429568918592305,3.8537709172643853,3.8537709172643853,,,,,0.0,0.0,W/mK,saved_uncertainty
I-42d,X1X2Y2Z2,HfW_Ir2_Ge2,kappa_slack,,0.5793243828281206,0.45697390526885884,0.45697390526885884,,,,,0.0,0.0,W/mK,saved_uncertainty
I-42d,X1X2Y2Z2,HfW_Os2_Sb2,kappa_slack,,3.3232201280776863,4.1315286451218025,4.1315286451218025,,,,,0.0,0.0,W/mK,saved_uncertainty
I-42d,X1X2Y2Z2,HfW_Ru2_As2,kappa_slack,,1.2133965283464432,1.171569344901589,1.171569344901589,,,,,0.0,0.0,W/mK,saved_uncertainty
I-42d,X1X2Y2Z2,HfW_Ru2_Sb2,kappa_slack,,0.9510036303019855,0.8065015807350621,0.8065015807350621,,,,,0.0,0.0,W/mK,saved_uncertainty
I-42d,X1X2Y2Z2,ScNb_Co2_As2,kappa_slack,,2.1250552122857247,1.7867658508111146,1.7867658508111146,,,,,0.0,0.0,W/mK,saved_uncertainty
I-42d,X1X2Y2Z2,ScNb_Co2_Sb2,kappa_slack,,1.5227518601991954,1.1718288086068227,1.1718288086068227,,,,,0.0,0.0,W/mK,saved_uncertainty
I-42d,X1X2Y2Z2,ScNb_Cu2_Ga2,kappa_slack,,3.992209914958034,5.672152088247707,5.672152088247707,,,,,0.0,0.0,W/mK,saved_uncertainty
I-42d,X1X2Y2Z2,ScNb_Ir2_As2,kappa_slack,,1.4709739137623843,1.4779108410130752,1.4779108410130752,,,,,0.0,0.0,W/mK,saved_uncertainty
I-42d,X1X2Y2Z2,ScNb_Ir2_Bi2,kappa_slack,,1.363977910941303,1.5128942458328254,1.5128942458328254,,,,,0.0,0.0,W/mK,saved_uncertainty
I-42d,X1X2Y2Z2,ScNb_Ir2_Sb2,kappa_slack,,1.1513643115673136,0.9681222220699126,0.9681222220699126,,,,,0.0,0.0,W/mK,saved_uncertainty
I-42d,X1X2Y2Z2,ScNb_Ni2_Ge2,kappa_slack,,3.1979879410319,3.3131798184578964,3.3131798184578964,,,,,0.0,0.0,W/mK,saved_uncertainty
I-42d,X1X2Y2Z2,ScNb_Ni2_Sn2,kappa_slack,,4.866962616275987,6.30566869326509,6.30566869326509,,,,,0.0,0.0,W/mK,saved_uncertainty
I-42d,X1X2Y2Z2,ScNb_Pt2_Ge2,kappa_slack,,1.0640700863092378,0.9570068808490122,0.9570068808490122,,,,,0.0,0.0,W/mK,saved_uncertainty
I-42d,X1X2Y2Z2,ScNb_Rh2_Sb2,kappa_slack,,0.47637985200676114,0.3033504709498301,0.3033504709498301,,,,,0.0,0.0,W/mK,saved_uncertainty
I-42d,X1X2Y2Z2,ScTa_Co2_As2,kappa_slack,,2.988021001635309,3.0360137251526966,3.0360137251526966,,,,,0.0,0.0,W/mK,saved_uncertainty
I-42d,X1X2Y2Z2,ScTa_Co2_Sb2,kappa_slack,,2.4839947015440456,2.370185967194027,2.370185967194027,,,,,0.0,0.0,W/mK,saved_uncertainty
I-42d,X1X2Y2Z2,ScTa_Ir2_As2,kappa_slack,,1.209345513010965,1.191689361434939,1.191689361434939,,,,,0.0,0.0,W/mK,saved_uncertainty
I-42d,X1X2Y2Z2,ScTa_Ir2_Sb2,kappa_slack,,2.3505294047472143,2.611475933444245,2.611475933444245,,,,,0.0,0.0,W/mK,saved_uncertainty
I-42d,X1X2Y2Z2,ScTa_Ni2_Ge2,kappa_slack,,2.1240200780471215,1.8994291379219146,1.8994291379219146,,,,,0.0,0.0,W/mK,saved_uncertainty
I-42d,X1X2Y2Z2,ScTa_Ni2_Sn2,kappa_slack,,1.9099393728205478,1.681067324237691,1.681067324237691,,,,,0.0,0.0,W/mK,saved_uncertainty
I-42d,X1X2Y2Z2,ScTa_Rh2_As2,kappa_slack,,1.5607363539589048,1.5847941764656446,1.5847941764656446,,,,,0.0,0.0,W/mK,saved_uncertainty
I-42d,X1X2Y2Z2,ScV_Co2_As2,kappa_slack,,4.986733011507937,6.1889182388417945,6.1889182388417945,,,,,0.0,0.0,W/mK,saved_uncertainty
I-42d,X1X2Y2Z2,ScV_Co2_Sb2,kappa_slack,,4.014960219645153,5.070215192576433,5.070215192576433,,,,,0.0,0.0,W/mK,saved_uncertainty
I-42d,X1X2Y2Z2,ScV_Ni2_Ge2,kappa_slack,,4.762034490147231,6.193259969370791,6.193259969370791,,,,,0.0,0.0,W/mK,saved_uncertainty
I-42d,X1X2Y2Z2,ScV_Ni2_Sn2,kappa_slack,,2.5226402925457916,2.729744389762547,2.729744389762547,,,,,0.0,0.0,W/mK,saved_uncertainty
I-42d,X1X2Y2Z2,ScV_Pt2_Ge2,kappa_slack,,1.184903006928179,1.1481157927691705,1.1481157927691705,,,,,0.0,0.0,W/mK,saved_uncertainty
I-42d,X1X2Y2Z2,ScV_Rh2_As2,kappa_slack,,11.272329179130615,26.536211813954505,26.536211813954505,,,,,0.0,0.0,W/mK,saved_uncertainty
I-42d,X1X2Y2Z2,ScV_Rh2_Bi2,kappa_slack,,0.8326695689469712,0.9168844026072542,0.9168844026072542,,,,,0.0,0.0,W/mK,saved_uncertainty
I-42d,X1X2Y2Z2,TiCr_Co2_Ge2,kappa_slack,,3.6056857866905743,4.329149320817808,4.329149320817808,,,,,0.0,0.0,W/mK,saved_uncertainty
I-42d,X1X2Y2Z2,TiCr_Ir2_Sn2,kappa_slack,,1.85017962967008,2.4333231537582263,2.4333231537582263,,,,,0.0,0.0,W/mK,saved_uncertainty
I-42d,X1X2Y2Z2,TiMo_Co2_Ge2,kappa_slack,,4.826771434034945,5.745730790857723,5.745730790857723,,,,,0.0,0.0,W/mK,saved_uncertainty
I-42d,X1X2Y2Z2,TiMo_Fe2_As2,kappa_slack,,3.2476169276042928,3.10357872749268,3.10357872749268,,,,,0.0,0.0,W/mK,saved_uncertainty
I-42d,X1X2Y2Z2,TiMo_Fe2_Sb2,kappa_slack,,2.799035982574717,3.0798424565282976,3.0798424565282976,,,,,0.0,0.0,W/mK,saved_uncertainty
I-42d,X1X2Y2Z2,TiMo_Ir2_Ge2,kappa_slack,,3.592635067868676,4.895443148645406,4.895443148645406,,,,,0.0,0.0,W/mK,saved_uncertainty
I-42d,X1X2Y2Z2,TiMo_Ni2_Ga2,kappa_slack,,4.407175547199829,5.66753791397921,5.66753791397921,,,,,0.0,0.0,W/mK,saved_uncertainty
I-42d,X1X2Y2Z2,TiMo_Os2_Sb2,kappa_slack,,1.1007322990874728,0.9116370782377979,0.9116370782377979,,,,,0.0,0.0,W/mK,saved_uncertainty
I-42d,X1X2Y2Z2,TiMo_Pt2_Ga2,kappa_slack,,2.8325699898697905,3.7408560682466967,3.7408560682466967,,,,,0.0,0.0,W/mK,saved_uncertainty
I-42d,X1X2Y2Z2,TiMo_Rh2_Ge2,kappa_slack,,4.22058406436456,5.801830047262651,5.801830047262651,,,,,0.0,0.0,W/mK,saved_uncertainty
I-42d,X1X2Y2Z2,TiMo_Rh2_Sn2,kappa_slack,,1.117638497611614,0.9794017170818122,0.9794017170818122,,,,,0.0,0.0,W/mK,saved_uncertainty
I-42d,X1X2Y2Z2,TiMo_Ru2_As2,kappa_slack,,1.8279445420195561,1.836293961669139,1.836293961669139,,,,,0.0,0.0,W/mK,saved_uncertainty
I-42d,X1X2Y2Z2,TiMo_Ru2_Sb2,kappa_slack,,0.7024189063256463,0.5136232720818664,0.5136232720818664,,,,,0.0,0.0,W/mK,saved_uncertainty
I-42d,X1X2Y2Z2,TiW_Co2_Ge2,kappa_slack,,3.229494873524,3.3001692019395223,3.3001692019395223,,,,,0.0,0.0,W/mK,saved_uncertainty
I-42d,X1X2Y2Z2,TiW_Co2_Sn2,kappa_slack,,1.9308300694256297,1.7644024763930362,1.7644024763930362,,,,,0.0,0.0,W/mK,saved_uncertainty
I-42d,X1X2Y2Z2,TiW_Fe2_As2,kappa_slack,,2.7142714761519575,2.4400410778684,2.4400410778684,,,,,0.0,0.0,W/mK,saved_uncertainty
I-42d,X1X2Y2Z2,TiW_Fe2_Sb2,kappa_slack,,1.2402622945592225,0.9802955916042781,0.9802955916042781,,,,,0.0,0.0,W/mK,saved_uncertainty
I-42d,X1X2Y2Z2,TiW_Ir2_Ge2,kappa_slack,,1.4097140387138651,1.3435680865404342,1.3435680865404342,,,,,0.0,0.0,W/mK,saved_uncertainty
I-42d,X1X2Y2Z2,TiW_Ir2_Sn2,kappa_slack,,1.4453177027479889,1.45502124438437,1.45502124438437,,,,,0.0,0.0,W/mK,saved_uncertainty
I-42d,X1X2Y2Z2,TiW_Os2_Sb2,kappa_slack,,1.0608407346116349,0.8942704754544476,0.8942704754544476,,,,,0.0,0.0,W/mK,saved_uncertainty
I-42d,X1X2Y2Z2,TiW_Pt2_Ga2,kappa_slack,,1.2239781490457073,1.1762758355042549,1.1762758355042549,,,,,0.0,0.0,W/mK,saved_uncertainty
I-42d,X1X2Y2Z2,TiW_Rh2_Ge2,kappa_slack,,2.3327138413961293,2.5271260770570487,2.5271260770570487,,,,,0.0,0.0,W/mK,saved_uncertainty
I-42d,X1X2Y2Z2,TiW_Ru2_As2,kappa_slack,,1.8272535264037866,1.9130543648421394,1.9130543648421394,,,,,0.0,0.0,W/mK,saved_uncertainty
I-42d,X1X2Y2Z2,YNb_Co2_Sb2,kappa_slack,,3.33028424638926,3.7027630482209193,3.7027630482209193,,,,,0.0,0.0,W/mK,saved_uncertainty
I-42d,X1X2Y2Z2,YNb_Ni2_Ge2,kappa_slack,,2.875500272474145,3.049417915427602,3.049417915427602,,,,,0.0,0.0,W/mK,saved_uncertainty
I-42d,X1X2Y2Z2,YNb_Ni2_Sn2,kappa_slack,,1.7713196983012613,1.5904586658615096,1.5904586658615096,,,,,0.0,0.0,W/mK,saved_uncertainty
I-42d,X1X2Y2Z2,YNb_Pd2_Ge2,kappa_slack,,1.1143536339842313,1.070725026854726,1.070725026854726,,,,,0.0,0.0,W/mK,saved_uncertainty
I-42d,X1X2Y2Z2,YNb_Pt2_Sn2,kappa_slack,,0.5823058440133094,0.4373316078537957,0.4373316078537957,,,,,0.0,0.0,W/mK,saved_uncertainty
I-42d,X1X2Y2Z2,YNb_Rh2_As2,kappa_slack,,1.4750761015087237,1.3976339717337776,1.3976339717337776,,,,,0.0,0.0,W/mK,saved_uncertainty
I-42d,X1X2Y2Z2,YTa_Ni2_Ge2,kappa_slack,,4.029439663024689,5.190361748669289,5.190361748669289,,,,,0.0,0.0,W/mK,saved_uncertainty
I-42d,X1X2Y2Z2,YTa_Ni2_Sn2,kappa_slack,,1.4809179913668433,1.2733887770666399,1.2733887770666399,,,,,0.0,0.0,W/mK,saved_uncertainty
I-42d,X1X2Y2Z2,YTa_Pd2_Sn2,kappa_slack,,1.2078330194227482,1.1573630880874843,1.1573630880874843,,,,,0.0,0.0,W/mK,saved_uncertainty
I-42d,X1X2Y2Z2,YTa_Pt2_Sn2,kappa_slack,,0.9200647975234356,0.7891816554805755,0.7891816554805755,,,,,0.0,0.0,W/mK,saved_uncertainty
I-42d,X1X2Y2Z2,YTa_Rh2_As2,kappa_slack,,0.7002242695321591,0.5600964692574757,0.5600964692574757,,,,,0.0,0.0,W/mK,saved_uncertainty
I-42d,X1X2Y2Z2,YV_Co2_Sb2,kappa_slack,,2.092859563218722,2.1422182305248474,2.1422182305248474,,,,,0.0,0.0,W/mK,saved_uncertainty
I-42d,X1X2Y2Z2,YV_Pt2_Ge2,kappa_slack,,0.46712421259387843,0.3583526271463494,0.3583526271463494,,,,,0.0,0.0,W/mK,saved_uncertainty
I-42d,X1X2Y2Z2,YV_Rh2_As2,kappa_slack,,1.4361144881135195,1.3806688908983737,1.3806688908983737,,,,,0.0,0.0,W/mK,saved_uncertainty
I-42d,X1X2Y2Z2,ZrCr_Co2_Ge2,kappa_slack,,1.7349192132200062,1.5813858998366572,1.5813858998366572,,,,,0.0,0.0,W/mK,saved_uncertainty
I-42d,X1X2Y2Z2,ZrCr_Ir2_Ge2,kappa_slack,,0.9079804793215877,0.7982480597924639,0.7982480597924639,,,,,0.0,0.0,W/mK,saved_uncertainty
I-42d,X1X2Y2Z2,ZrCr_Ru2_Sb2,kappa_slack,,0.41280499240218327,0.2996274087622947,0.2996274087622947,,,,,0.0,0.0,W/mK,saved_uncertainty
I-42d,X1X2Y2Z2,ZrMo_Co2_Ge2,kappa_slack,,3.066791509008906,3.1295688001254702,3.1295688001254702,,,,,0.0,0.0,W/mK,saved_uncertainty
I-42d,X1X2Y2Z2,ZrMo_Fe2_Sb2,kappa_slack,,1.972861731109897,1.9019501892621264,1.9019501892621264,,,,,0.0,0.0,W/mK,saved_uncertainty
I-42d,X1X2Y2Z2,ZrMo_Ir2_Ge2,kappa_slack,,3.9552975884347816,5.62423247902412,5.62423247902412,,,,,0.0,0.0,W/mK,saved_uncertainty
I-42d,X1X2Y2Z2,ZrMo_Ni2_Ga2,kappa_slack,,4.218692369628823,5.41401758247189,5.41401758247189,,,,,0.0,0.0,W/mK,saved_uncertainty
I-42d,X1X2Y2Z2,ZrMo_Rh2_Ge2,kappa_slack,,2.2830461113304823,2.406791455697075,2.406791455697075,,,,,0.0,0.0,W/mK,saved_uncertainty
I-42d,X1X2Y2Z2,ZrMo_Rh2_Sn2,kappa_slack,,1.80461758908207,1.7966496792693891,1.7966496792693891,,,,,0.0,0.0,W/mK,saved_uncertainty
I-42d,X1X2Y2Z2,ZrMo_Ru2_As2,kappa_slack,,2.980246974406921,3.7407406471449764,3.7407406471449764,,,,,0.0,0.0,W/mK,saved_uncertainty
I-42d,X1X2Y2Z2,ZrW_Co2_Ge2,kappa_slack,,1.7210624756214707,1.4289119568534732,1.4289119568534732,,,,,0.0,0.0,W/mK,saved_uncertainty
I-42d,X1X2Y2Z2,ZrW_Ir2_Sn2,kappa_slack,,1.1714745315557535,1.0192086484541454,1.0192086484541454,,,,,0.0,0.0,W/mK,saved_uncertainty
I-42d,X1X2Y2Z2,ZrW_Os2_Sb2,kappa_slack,,1.5982244562365233,1.4791624568404516,1.4791624568404516,,,,,0.0,0.0,W/mK,saved_uncertainty
I-42d,X2Y1Y2Z2,Hf2_CoCu_Ge2,kappa_slack,,1.8986567787613504,1.951538097358502,1.951538097358502,,,,,0.0,0.0,W/mK,saved_uncertainty
I-42d,X2Y1Y2Z2,Hf2_FeNi_As2,kappa_slack,,4.628706998107687,6.41693709558384,6.41693709558384,,,,,0.0,0.0,W/mK,saved_uncertainty
I-42d,X2Y1Y2Z2,Hf2_FeNi_Bi2,kappa_slack,,1.0062161544534292,0.9135499763330613,0.9135499763330613,,,,,0.0,0.0,W/mK,saved_uncertainty
I-42d,X2Y1Y2Z2,Hf2_FeNi_Sb2,kappa_slack,,3.465533606513999,4.064922915387217,4.064922915387217,,,,,0.0,0.0,W/mK,saved_uncertainty
I-42d,X2Y1Y2Z2,Hf2_FePd_Bi2,kappa_slack,,14.352249360570779,43.44900031349754,43.44900031349754,,,,,0.0,0.0,W/mK,saved_uncertainty
I-42d,X2Y1Y2Z2,Hf2_OsNi_As2,kappa_slack,,0.7705092023743646,0.6245643013211313,0.6245643013211313,,,,,0.0,0.0,W/mK,saved_uncertainty
I-42d,X2Y1Y2Z2,Hf2_OsPd_As2,kappa_slack,,0.6444658429686005,0.5506651018206463,0.5506651018206463,,,,,0.0,0.0,W/mK,saved_uncertainty
I-42d,X2Y1Y2Z2,Hf2_OsPd_Sb2,kappa_slack,,0.5761867811593485,0.44011987890447246,0.44011987890447246,,,,,0.0,0.0,W/mK,saved_uncertainty
I-42d,X2Y1Y2Z2,Hf2_RhAu_Sn2,kappa_slack,,1.2189456328449197,1.213387055840469,1.213387055840469,,,,,0.0,0.0,W/mK,saved_uncertainty
I-42d,X2Y1Y2Z2,Hf2_RhCu_Ge2,kappa_slack,,1.7597154244117128,1.974737470919224,1.974737470919224,,,,,0.0,0.0,W/mK,saved_uncertainty
I-42d,X2Y1Y2Z2,Hf2_RuNi_As2,kappa_slack,,2.0058559892498584,2.2328652327182343,2.2328652327182343,,,,,0.0,0.0,W/mK,saved_uncertainty
I-42d,X2Y1Y2Z2,Hf2_RuNi_Bi2,kappa_slack,,2.608239236850633,3.5064338045932684,3.5064338045932684,,,,,0.0,0.0,W/mK,saved_uncertainty
I-42d,X2Y1Y2Z2,Hf2_RuNi_Sb2,kappa_slack,,0.6078081615835744,0.432385119259782,0.432385119259782,,,,,0.0,0.0,W/mK,saved_uncertainty
I-42d,X2Y1Y2Z2,Hf2_RuPd_As2,kappa_slack,,0.5487683978557953,0.451094420711587,0.451094420711587,,,,,0.0,0.0,W/mK,saved_uncertainty
I-42d,X2Y1Y2Z2,Hf2_RuPt_As2,kappa_slack,,0.7568592858583523,0.6787828341549345,0.6787828341549345,,,,,0.0,0.0,W/mK,saved_uncertainty
I-42d,X2Y1Y2Z2,Nb2_CoAu_Al2,kappa_slack,,1.2327425555928841,1.0028090754029715,1.0028090754029715,,,,,0.0,0.0,W/mK,saved_uncertainty
I-42d,X2Y1Y2Z2,Nb2_CoCu_Ga2,kappa_slack,,2.7065136704398154,2.7693374583500154,2.7693374583500154,,,,,0.0,0.0,W/mK,saved_uncertainty
I-42d,X2Y1Y2Z2,Nb2_CoCu_In2,kappa_slack,,3.5635069361909597,4.617366291360057,4.617366291360057,,,,,0.0,0.0,W/mK,saved_uncertainty
I-42d,X2Y1Y2Z2,Nb2_FeNi_Ge2,kappa_slack,,2.883920695440145,2.746859696394654,2.746859696394654,,,,,0.0,0.0,W/mK,saved_uncertainty
I-42d,X2Y1Y2Z2,Nb2_FeNi_Sn2,kappa_slack,,4.433886471956512,5.569470714056691,5.569470714056691,,,,,0.0,0.0,W/mK,saved_uncertainty
I-42d,X2Y1Y2Z2,Nb2_FePd_Ge2,kappa_slack,,1.5928069831475502,1.390076270513742,1.390076270513742,,,,,0.0,0.0,W/mK,saved_uncertainty
I-42d,X2Y1Y2Z2,Nb2_FePt_Ge2,kappa_slack,,2.0680080379472097,1.9719861594315828,1.9719861594315828,,,,,0.0,0.0,W/mK,saved_uncertainty
I-42d,X2Y1Y2Z2,Nb2_FePt_Sn2,kappa_slack,,1.1267349869645549,0.9146934579398158,0.9146934579398158,,,,,0.0,0.0,W/mK,saved_uncertainty
I-42d,X2Y1Y2Z2,Nb2_IrAu_In2,kappa_slack,,0.35127334685004924,0.25899646273333954,0.25899646273333954,,,,,0.0,0.0,W/mK,saved_uncertainty
I-42d,X2Y1Y2Z2,Nb2_OsNi_Ge2,kappa_slack,,1.9905022248764441,1.888632317608974,1.888632317608974,,,,,0.0,0.0,W/mK,saved_uncertainty
I-42d,X2Y1Y2Z2,Nb2_OsNi_Sn2,kappa_slack,,2.827019370182737,3.191254303625268,3.191254303625268,,,,,0.0,0.0,W/mK,saved_uncertainty
I-42d,X2Y1Y2Z2,Nb2_OsPd_Ge2,kappa_slack,,1.2528177641879183,1.1074136712664502,1.1074136712664502,,,,,0.0,0.0,W/mK,saved_uncertainty
I-42d,X2Y1Y2Z2,Nb2_OsPd_Sn2,kappa_slack,,1.080066463265464,0.9084341817157678,0.9084341817157678,,,,,0.0,0.0,W/mK,saved_uncertainty
I-42d,X2Y1Y2Z2,Nb2_OsPt_Ge2,kappa_slack,,12.257421671499722,27.790626118583454,27.790626118583454,,,,,0.0,0.0,W/mK,saved_uncertainty
I-42d,X2Y1Y2Z2,Nb2_RhCu_Ga2,kappa_slack,,2.4697155756614686,2.763004026809242,2.763004026809242,,,,,0.0,0.0,W/mK,saved_uncertainty
I-42d,X2Y1Y2Z2,Nb2_RuNi_Ge2,kappa_slack,,1.9732994468396297,1.8385702258218244,1.8385702258218244,,,,,0.0,0.0,W/mK,saved_uncertainty
I-42d,X2Y1Y2Z2,Nb2_RuNi_Sn2,kappa_slack,,2.493797975952479,2.6823603663060864,2.6823603663060864,,,,,0.0,0.0,W/mK,saved_uncertainty
I-42d,X2Y1Y2Z2,Nb2_RuPd_Ge2,kappa_slack,,1.225935433863894,1.0850186504820512,1.0850186504820512,,,,,0.0,0.0,W/mK,saved_uncertainty
I-42d,X2Y1Y2Z2,Nb2_RuPd_Sn2,kappa_slack,,1.3999250060564854,1.304113908194146,1.304113908194146,,,,,0.0,0.0,W/mK,saved_uncertainty
I-42d,X2Y1Y2Z2,Nb2_RuPt_Ge2,kappa_slack,,1.5976312742969143,1.5471357397316816,1.5471357397316816,,,,,0.0,0.0,W/mK,saved_uncertainty
I-42d,X2Y1Y2Z2,Sc2_CoAu_Sb2,kappa_slack,,0.3079698470285563,0.2036721700443989,0.2036721700443989,,,,,0.0,0.0,W/mK,saved_uncertainty
I-42d,X2Y1Y2Z2,Sc2_IrCu_Sb2,kappa_slack,,0.27308958011360407,0.17489379817566572,0.17489379817566572,,,,,0.0,0.0,W/mK,saved_uncertainty
I-42d,X2Y1Y2Z2,Sc2_RhAu_Bi2,kappa_slack,,1.1303908819492234,1.4248521382108563,1.4248521382108563,,,,,0.0,0.0,W/mK,saved_uncertainty
I-42d,X2Y1Y2Z2,Sc2_RhCu_Sb2,kappa_slack,,3.6634384125077264,5.350397714995676,5.350397714995676,,,,,0.0,0.0,W/mK,saved_uncertainty
I-42d,X2Y1Y2Z2,Ta2_FeNi_Ge2,kappa_slack,,3.9516829111188225,4.385506439606312,4.385506439606312,,,,,0.0,0.0,W/mK,saved_uncertainty
I-42d,X2Y1Y2Z2,Ta2_FeNi_Sn2,kappa_slack,,9.268448760513811,16.051583510150586,16.051583510150586,,,,,0.0,0.0,W/mK,saved_uncertainty
I-42d,X2Y1Y2Z2,Ta2_FePd_Sn2,kappa_slack,,2.2803728264410514,2.3586962839964625,2.3586962839964625,,,,,0.0,0.0,W/mK,saved_uncertainty
I-42d,X2Y1Y2Z2,Ta2_FePt_Ge2,kappa_slack,,1.1064992692267073,0.886980868620124,0.886980868620124,,,,,0.0,0.0,W/mK,saved_uncertainty
I-42d,X2Y1Y2Z2,Ta2_IrAu_Al2,kappa_slack,,17.291446918042002,47.27260916455561,47.27260916455561,,,,,0.0,0.0,W/mK,saved_uncertainty
I-42d,X2Y1Y2Z2,Ta2_OsNi_Ge2,kappa_slack,,1.6442130985868677,1.525674176513518,1.525674176513518,,,,,0.0,0.0,W/mK,saved_uncertainty
I-42d,X2Y1Y2Z2,Ta2_OsPt_Ge2,kappa_slack,,0.5336690200073207,0.3942311131011313,0.3942311131011313,,,,,0.0,0.0,W/mK,saved_uncertainty
I-42d,X2Y1Y2Z2,Ta2_RhAu_Ga2,kappa_slack,,1.4843915758640986,1.5476130133475354,1.5476130133475354,,,,,0.0,0.0,W/mK,saved_uncertainty
I-42d,X2Y1Y2Z2,Ta2_RuNi_Ge2,kappa_slack,,5.098562386370808,7.430507642443977,7.430507642443977,,,,,0.0,0.0,W/mK,saved_uncertainty
I-42d,X2Y1Y2Z2,Ta2_RuNi_Sn2,kappa_slack,,2.4220781572664194,2.6111891288826716,2.6111891288826716,,,,,0.0,0.0,W/mK,saved_uncertainty
I-42d,X2Y1Y2Z2,Ta2_RuPd_Ge2,kappa_slack,,1.149278147471785,1.0780245313461752,1.0780245313461752,,,,,0.0,0.0,W/mK,saved_uncertainty
I-42d,X2Y1Y2Z2,Ti2_CoAu_Ge2,kappa_slack,,2.585888500949598,3.095750585178317,3.095750585178317,,,,,0.0,0.0,W/mK,saved_uncertainty
I-42d,X2Y1Y2Z2,Ti2_CoAu_Sn2,kappa_slack,,0.6068184065465732,0.45077924287821786,0.45077924287821786,,,,,0.0,0.0,W/mK,saved_uncertainty
I-42d,X2Y1Y2Z2,Ti2_CoCu_Sn2,kappa_slack,,1.8107032738918052,1.7087693535254205,1.7087693535254205,,,,,0.0,0.0,W/mK,saved_uncertainty
I-42d,X2Y1Y2Z2,Ti2_FeNi_As2,kappa_slack,,4.861384238135193,5.605644307274542,5.605644307274542,,,,,0.0,0.0,W/mK,saved_uncertainty
I-42d,X2Y1Y2Z2,Ti2_FePd_As2,kappa_slack,,1.745484969357142,1.6165011867504437,1.6165011867504437,,,,,0.0,0.0,W/mK,saved_uncertainty
I-42d,X2Y1Y2Z2,Ti2_FePt_As2,kappa_slack,,2.421518913753508,2.525673811156562,2.525673811156562,,,,,0.0,0.0,W/mK,saved_uncertainty
I-42d,X2Y1Y2Z2,Ti2_FePt_Sb2,kappa_slack,,1.4496689807297543,1.303895043597363,1.303895043597363,,,,,0.0,0.0,W/mK,saved_uncertainty
I-42d,X2Y1Y2Z2,Ti2_IrAu_Ge2,kappa_slack,,1.6868155549472212,1.8806852967248762,1.8806852967248762,,,,,0.0,0.0,W/mK,saved_uncertainty
I-42d,X2Y1Y2Z2,Ti2_IrCu_Ge2,kappa_slack,,1.1810776770777949,1.0801511106084063,1.0801511106084063,,,,,0.0,0.0,W/mK,saved_uncertainty
I-42d,X2Y1Y2Z2,Ti2_IrCu_Sn2,kappa_slack,,1.4538917529019582,1.419323351304474,1.419323351304474,,,,,0.0,0.0,W/mK,saved_uncertainty
I-42d,X2Y1Y2Z2,Ti2_OsNi_As2,kappa_slack,,3.1008252889637853,3.591926140522094,3.591926140522094,,,,,0.0,0.0,W/mK,saved_uncertainty
I-42d,X2Y1Y2Z2,Ti2_OsNi_Sb2,kappa_slack,,1.3071741018182623,1.083234647192172,1.083234647192172,,,,,0.0,0.0,W/mK,saved_uncertainty
I-42d,X2Y1Y2Z2,Ti2_OsPd_As2,kappa_slack,,1.550908278385311,1.5620181362225012,1.5620181362225012,,,,,0.0,0.0,W/mK,saved_uncertainty
I-42d,X2Y1Y2Z2,Ti2_OsPt_As2,kappa_slack,,2.2358013536126977,2.4477500753927295,2.4477500753927295,,,,,0.0,0.0,W/mK,saved_uncertainty
I-42d,X2Y1Y2Z2,Ti2_RhAu_Ge2,kappa_slack,,2.397831573600935,3.041681049906064,3.041681049906064,,,,,0.0,0.0,W/mK,saved_uncertainty
I-42d,X2Y1Y2Z2,Ti2_RhAu_Sn2,kappa_slack,,0.9513127470887848,0.8526009075395571,0.8526009075395571,,,,,0.0,0.0,W/mK,saved_uncertainty
I-42d,X2Y1Y2Z2,Ti2_RhCu_Ge2,kappa_slack,,1.5076485878129475,1.4464772940336987,1.4464772940336987,,,,,0.0,0.0,W/mK,saved_uncertainty
I-42d,X2Y1Y2Z2,Ti2_RuNi_As2,kappa_slack,,3.6391158133919466,4.403114986503619,4.403114986503619,,,,,0.0,0.0,W/mK,saved_uncertainty
I-42d,X2Y1Y2Z2,Ti2_RuNi_Sb2,kappa_slack,,1.3770552330990222,1.1458535486188453,1.1458535486188453,,,,,0.0,0.0,W/mK,saved_uncertainty
I-42d,X2Y1Y2Z2,Ti2_RuPd_As2,kappa_slack,,3.992884157270448,6.1330918433854675,6.1330918433854675,,,,,0.0,0.0,W/mK,saved_uncertainty
I-42d,X2Y1Y2Z2,Ti2_RuPd_Sb2,kappa_slack,,0.7027538459651549,0.5293699053471403,0.5293699053471403,,,,,0.0,0.0,W/mK,saved_uncertainty
I-42d,X2Y1Y2Z2,Ti2_RuPt_As2,kappa_slack,,2.8628110942703144,3.5523546538287274,3.5523546538287274,,,,,0.0,0.0,W/mK,saved_uncertainty
I-42d,X2Y1Y2Z2,V2_FeNi_Ge2,kappa_slack,,2.9354463311267853,2.988432256700811,2.988432256700811,,,,,0.0,0.0,W/mK,saved_uncertainty
I-42d,X2Y1Y2Z2,V2_FePd_Ge2,kappa_slack,,2.3155007150119467,2.643438193872007,2.643438193872007,,,,,0.0,0.0,W/mK,saved_uncertainty
I-42d,X2Y1Y2Z2,V2_FePt_Ge2,kappa_slack,,4.345346240934681,6.292943601579326,6.292943601579326,,,,,0.0,0.0,W/mK,saved_uncertainty
I-42d,X2Y1Y2Z2,V2_OsNi_Ge2,kappa_slack,,3.9420372073186405,5.462780948859554,5.462780948859554,,,,,0.0,0.0,W/mK,saved_uncertainty
I-42d,X2Y1Y2Z2,V2_OsPd_Ge2,kappa_slack,,1.5464294668985237,1.6894104760814155,1.6894104760814155,,,,,0.0,0.0,W/mK,saved_uncertainty
I-42d,X2Y1Y2Z2,V2_OsPt_Ge2,kappa_slack,,1.7360420766144002,1.8555683372469158,1.8555683372469158,,,,,0.0,0.0,W/mK,saved_uncertainty
I-42d,X2Y1Y2Z2,V2_RuNi_Ge2,kappa_slack,,5.361674863961894,8.516272764098472,8.516272764098472,,,,,0.0,0.0,W/mK,saved_uncertainty
I-42d,X2Y1Y2Z2,V2_RuNi_Sn2,kappa_slack,,1.4616932807980374,1.6174721319544605,1.6174721319544605,,,,,0.0,0.0,W/mK,saved_uncertainty
I-42d,X2Y1Y2Z2,V2_RuPd_Ge2,kappa_slack,,3.0902023046364233,4.54935731824304,4.54935731824304,,,,,0.0,0.0,W/mK,saved_uncertainty
I-42d,X2Y1Y2Z2,V2_RuPt_Ge2,kappa_slack,,1.910392928082686,2.1852374620554187,2.1852374620554187,,,,,0.0,0.0,W/mK,saved_uncertainty
I-42d,X2Y1Y2Z2,Y2_CoAu_Sb2,kappa_slack,,0.23373067022960653,0.15974707523197987,0.15974707523197987,,,,,0.0,0.0,W/mK,saved_uncertainty
I-42d,X2Y1Y2Z2,Zr2_CoAu_Ge2,kappa_slack,,1.1764525041575749,1.0359163349629832,1.0359163349629832,,,,,0.0,0.0,W/mK,saved_uncertainty
I-42d,X2Y1Y2Z2,Zr2_CoCu_Ge2,kappa_slack,,1.7584240279824241,1.5966997686011322,1.5966997686011322,,,,,0.0,0.0,W/mK,saved_uncertainty
I-42d,X2Y1Y2Z2,Zr2_CoCu_Sn2,kappa_slack,,1.85461088924131,1.6634335454805615,1.6634335454805615,,,,,0.0,0.0,W/mK,saved_uncertainty
I-42d,X2Y1Y2Z2,Zr2_FeNi_Sb2,kappa_slack,,2.94385894376793,3.0874599851789912,3.0874599851789912,,,,,0.0,0.0,W/mK,saved_uncertainty
I-42d,X2Y1Y2Z2,Zr2_IrAu_Ge2,kappa_slack,,0.9346109670168223,0.8398767610315396,0.8398767610315396,,,,,0.0,0.0,W/mK,saved_uncertainty
I-42d,X2Y1Y2Z2,Zr2_IrCu_Sn2,kappa_slack,,0.812374075886912,0.606077874139589,0.606077874139589,,,,,0.0,0.0,W/mK,saved_uncertainty
I-42d,X2Y1Y2Z2,Zr2_OsNi_Sb2,kappa_slack,,0.45871174212579197,0.27878832788390523,0.27878832788390523,,,,,0.0,0.0,W/mK,saved_uncertainty
I-42d,X2Y1Y2Z2,Zr2_RhCu_Ge2,kappa_slack,,2.2315165319707324,2.461347905385113,2.461347905385113,,,,,0.0,0.0,W/mK,saved_uncertainty
I-42d,X2Y1Y2Z2,Zr2_RuNi_As2,kappa_slack,,1.191626143394367,1.0045676061753845,1.0045676061753845,,,,,0.0,0.0,W/mK,saved_uncertainty
I-42d,X2Y1Y2Z2,Zr2_RuNi_Sb2,kappa_slack,,3.099314381073301,3.544161749019148,3.544161749019148,,,,,0.0,0.0,W/mK,saved_uncertainty
I-42d,X2Y1Y2Z2,Zr2_RuPd_As2,kappa_slack,,1.0431981061167432,0.9058357419376807,0.9058357419376807,,,,,0.0,0.0,W/mK,saved_uncertainty
I-42d,X2Y1Y2Z2,Zr2_RuPt_As2,kappa_slack,,1.3406722224772514,1.287359249135143,1.287359249135143,,,,,0.0,0.0,W/mK,saved_uncertainty
I-42d,X2Y1Y2Z2,Zr2_RuPt_Sb2,kappa_slack,,0.8668015966519511,0.6745324021490804,0.6745324021490804,,,,,0.0,0.0,W/mK,saved_uncertainty
Pmn21,X2Y2Z1Z2,Hf2_Ni2_AlSb,kappa_slack,,1.4853433690612479,1.4727564800775204,1.4727564800775204,,,,,0.0,0.0,W/mK,saved_uncertainty
Pmn21,X2Y2Z1Z2,Hf2_Ni2_GaAs,kappa_slack,,11.055936029587475,21.556086691475322,21.556086691475322,,,,,0.0,0.0,W/mK,saved_uncertainty
Pmn21,X2Y2Z1Z2,Hf2_Ni2_GaSb,kappa_slack,,13.825337254903236,32.02223870684551,32.02223870684551,,,,,0.0,0.0,W/mK,saved_uncertainty
Pmn21,X2Y2Z1Z2,Hf2_Pt2_AlSb,kappa_slack,,0.3047883832469084,0.2924481744229722,0.2924481744229722,,,,,0.0,0.0,W/mK,saved_uncertainty
Pmn21,X2Y2Z1Z2,Nb2_Rh2_GaAs,kappa_slack,,1.309483074748666,1.3530985633658026,1.3530985633658026,,,,,0.0,0.0,W/mK,saved_uncertainty
Pmn21,X2Y2Z1Z2,Nb2_Rh2_GaSb,kappa_slack,,0.615605955891029,0.5591362777888297,0.5591362777888297,,,,,0.0,0.0,W/mK,saved_uncertainty
Pmn21,X2Y2Z1Z2,Sc2_Cu2_GaBi,kappa_slack,,4.2170920742927915,6.415843903172018,6.415843903172018,,,,,0.0,0.0,W/mK,saved_uncertainty
Pmn21,X2Y2Z1Z2,Sc2_Cu2_GaSb,kappa_slack,,2.14944347154793,2.1311878866684375,2.1311878866684375,,,,,0.0,0.0,W/mK,saved_uncertainty
Pmn21,X2Y2Z1Z2,Ti2_Ni2_AlAs,kappa_slack,,8.769075001465758,15.859098387344979,15.859098387344979,,,,,0.0,0.0,W/mK,saved_uncertainty
Pmn21,X2Y2Z1Z2,Ti2_Pd2_AlSb,kappa_slack,,2.961096250971892,4.774374616470181,4.774374616470181,,,,,0.0,0.0,W/mK,saved_uncertainty
Pmn21,X2Y2Z1Z2,Ti2_Pd2_GaSb,kappa_slack,,0.33777487423274105,0.42035842361677744,0.42035842361677744,,,,,0.0,0.0,W/mK,saved_uncertainty
Pmn21,X2Y2Z1Z2,Zr2_Ni2_AlAs,kappa_slack,,3.4888366530860235,4.309902907472138,4.309902907472138,,,,,0.0,0.0,W/mK,saved_uncertainty
Pmn21,X2Y2Z1Z2,Zr2_Ni2_AlBi,kappa_slack,,1.1930978509708114,1.2617389725134651,1.2617389725134651,,,,,0.0,0.0,W/mK,saved_uncertainty
Pmn21,X2Y2Z1Z2,Zr2_Ni2_AlSb,kappa_slack,,2.2791697691842163,2.779512429069628,2.779512429069628,,,,,0.0,0.0,W/mK,saved_uncertainty
Pmn21,X2Y2Z1Z2,Zr2_Ni2_GaAs,kappa_slack,,3.7018552571487597,4.035474710604266,4.035474710604266,,,,,0.0,0.0,W/mK,saved_uncertainty
Pmn21,X2Y2Z1Z2,Zr2_Ni2_GaBi,kappa_slack,,0.5004479310434327,0.421981189224619,0.421981189224619,,,,,0.0,0.0,W/mK,saved_uncertainty
Pmn21,X2Y2Z1Z2,Zr2_Ni2_GaSb,kappa_slack,,7.588264760113492,12.412607869111907,12.412607869111907,,,,,0.0,0.0,W/mK,saved_uncertainty
Pmn21,X2Y2Z1Z2,Zr2_Pd2_InSb,kappa_slack,,0.16510083450364726,0.15440332426080192,0.15440332426080192,,,,,0.0,0.0,W/mK,saved_uncertainty
Pmn21,X2Y2Z1Z2,Zr2_Pt2_GaAs,kappa_slack,,1.4834347112690422,1.601836243966575,1.601836243966575,,,,,0.0,0.0,W/mK,saved_uncertainty
